262898958,39,Estella Ugolini,22/09/1969,17 Jana Court,32691,927-970-1196
165383005,31,Bonnee Race,21/07/2001,27 Farmco Plaza,16615,850-570-7058
293045066,30,Cassie Pescud,20/11/1985,2082 Heffernan Parkway,80673,819-499-4457
378558637,70,Jacobo Kleinbaum,07/06/2021,983 Helena Drive,85262,979-940-1060
317539326,18,Florette Banyard,17/02/1982,60 Holy Cross Pass,29326,820-741-1508
329886944,23,Gayle Irvin,29/09/2020,95 Everett Road,27217,674-889-7976
337048562,26,Fidole Corking,01/05/1968,66 Dennis Pass,14627,943-526-0988
341956555,40,Nadia Nardrup,17/07/1988,2 Becker Junction,97011,199-982-9325
297956180,36,Allen O'Farris,14/05/1961,01 Starling Drive,13566,708-620-2333
348796144,45,Cecilio Hamman,10/03/2004,272 Main Court,82630,982-543-9696
381480457,35,Jere Banton,20/03/2009,45626 Sullivan Street,80036,504-946-6950
252417642,62,Cherise Bucher,22/04/1969,168 Ridgeway Terrace,16171,579-299-8891
240385460,27,Linoel Livingston,17/10/1980,3239 Monica Center,98409,659-653-1654
181156312,24,Giovanni Crufts,25/03/1968,52315 Ramsey Avenue,14861,625-176-9228
136743809,34,Reinhard Tindall,29/07/1956,05407 Vernon Street,29243,344-404-7662
230294908,37,Dietrich Buche,01/04/1994,56 School Trail,13124,268-870-0470
304917128,65,Tandy Brokenshaw,08/05/1971,2 Birchwood Drive,79402,970-426-0657
110567780,48,Bendite Gales,24/02/1970,0 Sullivan Point,84271,452-969-8580
307449332,57,Ambrose Culver,24/05/2019,61354 Cherokee Hill,25369,714-630-3056
398069085,19,Daniela Winkless,26/03/2014,3 Blue Bill Park Center,92237,529-418-1382
222455234,24,Lona Clemas,14/07/1954,600 Dayton Street,16963,362-729-8401
191109085,39,Eduard Vesque,15/03/1982,74 Schmedeman Terrace,94835,391-262-8045
265240049,24,Burnaby Berthod,25/03/2013,6 Mockingbird Place,47444,244-607-9594
396315577,29,Melisande Cridlan,11/08/2022,9825 Golden Leaf Lane,63751,829-621-8163
107998912,19,Gaven Rideout,28/12/2009,55660 Butternut Crossing,96373,452-959-5537
346948883,21,Bartholomeus Eller,31/12/1994,22 Kim Lane,86929,782-709-3396
366235917,69,Quillan Bushaway,26/07/2000,4059 Sutherland Alley,28449,179-223-2743
273321589,46,Catriona De Ath,13/01/1962,354 Parkside Point,37532,239-182-8730
374981707,51,Hana Hazeldean,21/12/2019,568 Manley Place,10138,737-431-5395
384963794,55,Hastie Barfoot,18/03/1951,75295 Crescent Oaks Parkway,21509,649-210-3238
257334119,54,Andriana Nuscha,06/12/1986,919 Daystar Terrace,77099,264-887-3702
312578492,60,Aurie Hanson,06/04/1984,2549 Oak Pass,49883,526-773-2610
277289572,27,Tamar Goodacre,14/12/1970,8627 Arapahoe Lane,83846,763-119-5240
175461511,52,Jennette Benning,26/03/2021,0 Carioca Trail,51886,370-807-9106
101653374,38,Dermot Pochin,11/03/1974,29265 Hoffman Avenue,66791,225-543-0102
333204258,53,Valentina Keasey,30/05/1988,30 Dottie Place,29481,403-279-0197
328946051,18,Tomaso Yanuk,03/03/1989,234 Sundown Hill,11571,795-331-3347
279429591,35,Tobe Dampier,12/05/2001,88048 Laurel Street,90017,237-409-2105
172969633,43,Cleavland Macknish,26/06/1983,55029 Sloan Pass,12604,810-212-2288
370110316,60,Humbert Goble,13/06/2022,6756 Anderson Center,67131,559-679-4815
199663668,66,Isador Sackler,09/07/1992,817 Waywood Hill,84088,595-765-4482
282893816,51,Zeke Peers,08/03/2023,46487 Elka Street,26413,752-842-4826
319045027,58,Vinni Quartermain,07/03/1962,4077 Lunder Center,52130,426-372-3576
199667003,31,Chaddie Dooland,16/05/1991,2108 Texas Way,31195,909-436-6272
218501232,55,Callie Maris,12/04/1958,03741 Blackbird Circle,28055,224-451-1826
154460981,52,Aarika Moniker,12/02/1954,51578 Susan Junction,96868,659-288-6403
172174023,65,Jaquelyn Bushby,20/06/2005,348 Luster Junction,58877,696-707-1066
368834021,43,Julian Driver,03/09/1977,8 Reinke Trail,94768,324-616-7924
348390011,21,Sidney Gookey,30/12/2023,501 Southridge Drive,21067,437-605-4354
336482989,60,Ky Brinsford,30/03/1981,8003 Thierer Alley,27160,808-904-7356
143133155,36,Madge Thacker,02/05/2005,6 Corben Plaza,11337,212-967-2163
281594495,64,Ramsey Belmont,13/12/2012,80 Carpenter Center,66802,700-463-8127
276625677,23,Fidelity Leckenby,11/09/1951,71 Browning Pass,57384,450-589-3224
280854852,49,Kippie Haddleton,02/06/1975,439 Lakewood Gardens Terrace,87706,837-429-8678
377505364,53,Debbie Lockhart,04/07/1972,62 Mockingbird Park,89580,528-830-1404
278917273,48,Raf Dodwell,05/11/1975,032 Messerschmidt Street,19213,524-501-7746
135464511,33,Arne Ionn,01/09/1988,2472 Manitowish Park,43936,229-343-7992
102738704,31,Trix Pellamont,15/07/1964,6891 Packers Avenue,37613,198-390-3658
155445128,55,Corine Yurenin,03/10/1991,059 Fisk Junction,40897,200-346-6344
394211543,22,Gianina Teffrey,03/10/2023,77 Roxbury Trail,83360,403-957-3637
353091907,38,Luce Nana,29/06/1951,26 Oak Valley Court,72904,761-877-6860
305389966,24,Joyce Littler,12/06/1986,87 Petterle Trail,74572,544-883-0134
136608209,70,Valida Godbald,13/01/1963,4 Corry Street,98417,781-722-0083
184154455,24,Prentiss Coneybeer,15/11/1952,91 Anderson Center,36412,300-502-6054
392793952,49,Peta Christy,03/01/1955,5 Moland Hill,54331,330-435-5033
380095871,18,Brennen Bitten,08/01/2014,2874 Derek Drive,24827,938-262-6762
349762290,51,Rodolfo Lillico,15/10/1986,66 Ramsey Road,54880,184-779-8460
243443117,63,Spenser Turnock,27/03/2005,1903 Hoard Circle,13035,169-320-4468
276889674,42,Ilyse Whatham,14/08/1965,0 Prentice Point,92647,779-784-0717
319594942,60,Ferrell Cowburn,20/09/1969,0 Troy Plaza,86730,351-527-6710
260579600,22,Beitris Reidshaw,28/01/1959,881 Kim Place,99878,433-978-9339
366936124,48,Larine McGinley,20/06/1982,559 Ohio Drive,94105,310-364-5055
257479931,25,Sherrie Pettigrew,06/07/2008,8061 Macpherson Lane,98043,900-530-7804
399713715,53,Marin McCorkell,21/07/2003,4233 Utah Hill,82545,908-182-9803
214174973,36,Deb Blenkinsop,15/06/1988,9171 Starling Avenue,65091,401-409-2115
255716920,50,Irita Autry,30/06/1956,844 Gulseth Hill,94677,677-669-7982
398674557,46,Viv Fallawe,21/03/2020,4922 New Castle Avenue,17412,103-256-7940
357521892,66,Luz Bulle,28/07/2008,2774 Briar Crest Way,22903,266-975-7014
365234181,46,Cindi Coppeard,25/11/2000,5 Loftsgordon Place,89492,614-916-1761
134322482,44,Desmond Trowbridge,01/02/1996,655 Elgar Court,49187,270-868-2636
311335728,59,Rennie Roots,24/08/1975,396 Redwing Hill,43064,691-668-6205
174492851,29,Rudiger Eacott,08/10/1980,1 Kensington Pass,35316,402-581-5555
128290307,27,Emmye Geillier,20/02/1996,1995 Warrior Court,28806,786-743-2851
183213591,51,Peta Brothwood,13/02/2016,965 Cherokee Drive,75650,803-499-8579
295462025,69,Esmaria Olyunin,19/11/1995,38547 Reinke Crossing,75898,287-784-0797
240666310,68,Susana Dockrey,04/11/1976,467 Portage Road,20401,965-435-2875
315095461,70,Bliss Greenlees,08/10/2016,755 Carioca Circle,32148,168-940-8754
353078890,37,Bill Dobel,20/12/1974,96 Derek Point,69665,528-404-8693
102036339,41,Emmye Harborow,20/05/1974,3 Grayhawk Place,39535,866-748-1548
198743984,19,Brandais Wicklin,06/06/1970,69897 Crowley Plaza,89149,445-301-8765
390494394,42,Loydie Milksop,14/12/2000,488 Mifflin Pass,97726,330-336-3341
284772973,28,Jelene Sewart,04/05/1984,9887 Sunnyside Way,80605,943-298-4997
162424926,57,Tadd Gander,28/10/1985,8 Talisman Road,77010,659-704-0561
177087592,58,Nilson Phebee,05/02/1956,630 Fieldstone Park,47205,372-653-0940
380757750,28,Peter Dowears,23/10/2010,540 Mccormick Place,21234,127-217-3141
385897184,54,Jill Ilyinski,09/03/1964,7170 International Center,53624,340-829-0908
246153255,26,Franciskus McAsgill,09/09/2000,0906 Delaware Drive,41729,270-900-5009
316299940,52,Hastings Olifaunt,17/02/2010,79 Clemons Junction,15400,850-991-8394
178999045,52,Micky Buckenhill,12/08/1971,680 Pine View Hill,34578,782-968-5827
295534512,70,Ewen Khotler,05/10/1956,7 Fisk Hill,74216,475-318-9319
381819857,20,Bronnie Relfe,10/09/2012,8 5th Avenue,32062,203-769-0121
262440199,61,Neal Lisciandro,30/10/2015,61 Fairfield Avenue,20517,813-156-8198
211155700,64,Marthe Trusslove,23/07/1956,598 Corscot Road,80925,578-542-4307
283726660,54,Errick Andrey,28/08/1973,000 Memorial Trail,75885,950-534-5899
294228578,18,Lars Doubleday,14/12/1963,4628 Vera Plaza,27327,502-553-0577
186878462,24,Roma Stafford,29/05/1999,867 Westend Circle,64171,829-407-9457
152430923,49,Becky Mockford,24/07/1967,33907 Eastlawn Terrace,42874,939-552-8994
376889904,38,Basil Spellacey,22/04/1955,30985 Hallows Circle,12917,206-196-4508
360049495,66,Martynne Lawleff,23/04/1989,4 Stone Corner Pass,19250,929-571-4772
182843714,35,Dian Anthon,17/05/2018,75 Gulseth Center,75582,598-666-4938
174135660,54,Bonny Slocombe,15/10/1981,05733 Jay Street,66690,207-766-3126
385154436,26,Gran Iacoviello,08/10/1975,46792 Weeping Birch Road,36232,770-174-5678
315139712,27,Mordecai Guerreau,07/12/1955,99 Mcguire Park,32052,718-991-6248
264471339,21,Rosanne Capron,19/10/1986,1 Birchwood Plaza,81199,348-654-3021
229497283,32,Theresa Linscott,06/02/1953,6 Coolidge Place,16693,461-832-7308
188254471,39,Roosevelt Emmison,04/09/2005,5933 Sunfield Point,55002,659-318-8269
240610893,36,Reggie Pavlata,01/01/1996,99862 Portage Circle,82038,959-245-0659
305036988,37,Astra Fitzsymon,30/05/1999,13 Forest Dale Court,76818,713-676-6462
293696447,54,Gregoor Dorian,28/05/1979,07552 Bellgrove Road,75008,292-981-4525
369575161,54,Feliks Fumagalli,21/11/1967,06841 Del Sol Parkway,37277,945-965-2826
258535217,27,Martha Harrie,07/01/2019,553 Manitowish Court,53989,299-176-4100
146875008,33,Marguerite Blockley,30/10/1982,56 Boyd Park,17164,454-508-3788
163304209,40,Natala Chattey,10/12/2016,64816 Corscot Pass,25876,835-147-8028
297152947,57,Grethel Brodbin,04/10/1998,53119 Grim Junction,64303,192-674-6438
222709011,42,Odilia Letertre,23/01/2014,94 Donald Way,24356,416-458-7450
216669984,57,Timmie Southcoat,06/01/1996,229 Westridge Plaza,62713,188-678-1955
269993911,62,Tris Froggatt,20/02/1956,55365 Mitchell Park,52356,127-891-1452
357332514,59,Jehu Hardware,24/12/2021,342 Kingsford Trail,51264,212-619-4904
300826904,18,Tracy Halgarth,08/01/2007,53 Gulseth Road,76032,833-283-7086
376793890,21,Edi Hallifax,09/08/2022,78660 Bowman Court,85423,638-774-7200
225596098,63,Mavis Phillins,27/11/2014,4903 Longview Park,25816,515-219-0349
360995057,47,Meridel Lattie,06/08/1975,3 8th Court,62336,959-135-7827
202437567,23,Ancell Toretta,14/05/2014,421 Mcbride Drive,91263,597-372-8423
361002874,65,Benny Cowitz,02/07/1988,2 Dakota Park,11376,968-160-7534
184221132,52,Shelton Haythorn,27/08/1983,32 Dorton Alley,83619,109-427-0692
101084018,54,Erik Cahn,29/04/1966,2075 Messerschmidt Hill,84010,279-332-8262
146790833,54,Chloris Kester,17/05/2004,21 Redwing Terrace,80570,680-983-8577
129799980,46,Anneliese Manchett,18/02/2011,75179 Nevada Crossing,75354,516-996-4390
213065388,55,Miles Guarnier,30/07/2002,08922 Mccormick Crossing,12060,120-520-2042
154081995,64,Kirstin Ondricek,19/04/1963,88 Loftsgordon Plaza,80695,154-216-9142
100758833,63,Arlen Hathaway,01/09/1988,7 Lighthouse Bay Crossing,71688,495-585-8634
324240494,49,Izzy Easterling,26/01/1988,2 Rieder Junction,29518,387-917-3935
192014603,59,Wilmette Figures,09/08/1952,7 Del Mar Park,57743,896-909-9723
217521808,63,Genni Benez,07/08/2006,6 Summer Ridge Street,98449,424-328-4146
229770031,32,Worthy Asch,03/09/1970,7 Karstens Point,23156,731-722-7734
359083590,68,Sarajane Clothier,02/06/1976,13 Huxley Place,61927,425-661-0867
312370264,58,Wilie McKelvey,21/10/1976,4 Chive Drive,72433,524-365-2004
226737209,21,Isadore Kondrachenko,09/02/2009,7 Barnett Street,24150,276-597-1178
330214587,52,Tildie Ladley,31/01/2015,15 Prairieview Trail,63023,328-377-3147
175510905,64,Jacquette McGannon,17/11/2018,0 Pierstorff Avenue,45136,287-121-4550
