INSERT INTO Person(Person_ID, Age, Name, Date_of_birth, Address, Area_code, Phone_number) VALUES (1, 58, 'James Lawrence', '1966-04-05', '755 Lee St.', '2458591', '059-8078673');
INSERT INTO Person(Person_ID, Age, Name, Date_of_birth, Address, Area_code, Phone_number) VALUES (2, 20, 'Robert Tucker', '2004-10-01', '575 Washington St.', '8038374', '053-8536477');
INSERT INTO Person(Person_ID, Age, Name, Date_of_birth, Address, Area_code, Phone_number) VALUES (3, 55, 'Raquel Smith', '1969-03-23', '433 Bowen St.', '3608513', '053-6647119');
INSERT INTO Person(Person_ID, Age, Name, Date_of_birth, Address, Area_code, Phone_number) VALUES (4, 24, 'Jason Becker', '2000-06-20', '271 Drexler St.', '8707870', '058-3094235');
INSERT INTO Person(Person_ID, Age, Name, Date_of_birth, Address, Area_code, Phone_number) VALUES (5, 42, 'Keith Epperly', '1982-10-28', '371 Mccloud St.', '2166941', '050-4823498');
INSERT INTO Person(Person_ID, Age, Name, Date_of_birth, Address, Area_code, Phone_number) VALUES (6, 67, 'Reynalda Blaze', '1957-02-13', '285 Hurley St.', '7120868', '052-7210606');
INSERT INTO Person(Person_ID, Age, Name, Date_of_birth, Address, Area_code, Phone_number) VALUES (7, 40, 'Mike Ferro', '1984-11-21', '74 Greco St.', '3871230', '058-5107245');
INSERT INTO Person(Person_ID, Age, Name, Date_of_birth, Address, Area_code, Phone_number) VALUES (8, 28, 'Judith Clacher', '1996-11-23', '571 Reynolds St.', '6440561', '050-4842788');
INSERT INTO Person(Person_ID, Age, Name, Date_of_birth, Address, Area_code, Phone_number) VALUES (9, 70, 'Gilbert Lang', '1954-02-07', '936 Fanno St.', '6279418', '053-9375710');
INSERT INTO Person(Person_ID, Age, Name, Date_of_birth, Address, Area_code, Phone_number) VALUES (10, 43, 'Betty Roberts', '1981-12-18', '552 Willis St.', '8187926', '059-7700828');
INSERT INTO Person(Person_ID, Age, Name, Date_of_birth, Address, Area_code, Phone_number) VALUES (11, 41, 'Deangelo Perez', '1983-08-03', '774 Miller St.', '2839607', '052-3684052');
INSERT INTO Person(Person_ID, Age, Name, Date_of_birth, Address, Area_code, Phone_number) VALUES (12, 68, 'Cathy Lamb', '1956-10-15', '542 Grant St.', '1192619', '051-5476583');
INSERT INTO Person(Person_ID, Age, Name, Date_of_birth, Address, Area_code, Phone_number) VALUES (13, 67, 'Dorothy Rivers', '1957-08-01', '977 Standley St.', '5418934', '058-3997281');
INSERT INTO Person(Person_ID, Age, Name, Date_of_birth, Address, Area_code, Phone_number) VALUES (14, 50, 'Seth Lynch', '1974-11-17', '624 Washington St.', '7273233', '052-9897858');
INSERT INTO Person(Person_ID, Age, Name, Date_of_birth, Address, Area_code, Phone_number) VALUES (15, 18, 'Dawn Young', '2006-06-27', '827 Silva St.', '1971823', '053-2321324');
INSERT INTO Person(Person_ID, Age, Name, Date_of_birth, Address, Area_code, Phone_number) VALUES (16, 23, 'Lorena Clemments', '2001-09-25', '129 Adams St.', '8973915', '058-3770370');
INSERT INTO Person(Person_ID, Age, Name, Date_of_birth, Address, Area_code, Phone_number) VALUES (17, 34, 'Numbers Kenon', '1990-12-23', '206 Darrow St.', '7693979', '055-8350099');
INSERT INTO Person(Person_ID, Age, Name, Date_of_birth, Address, Area_code, Phone_number) VALUES (18, 51, 'Lisa Cruz', '1973-06-01', '603 Schmitz St.', '4694634', '050-2191066');
INSERT INTO Person(Person_ID, Age, Name, Date_of_birth, Address, Area_code, Phone_number) VALUES (19, 63, 'Joseph Ares', '1961-06-03', '527 Mason St.', '9143903', '053-3219824');
INSERT INTO Person(Person_ID, Age, Name, Date_of_birth, Address, Area_code, Phone_number) VALUES (20, 64, 'Brenda Sharpe', '1960-07-07', '97 Rodriguez St.', '8231838', '055-8106470');
INSERT INTO Person(Person_ID, Age, Name, Date_of_birth, Address, Area_code, Phone_number) VALUES (21, 44, 'Shauna Wilson', '1980-11-21', '101 Taylor St.', '6692553', '051-5171761');
INSERT INTO Person(Person_ID, Age, Name, Date_of_birth, Address, Area_code, Phone_number) VALUES (22, 30, 'Albert Roberts', '1994-03-09', '474 Palmer St.', '2264748', '057-2642635');
INSERT INTO Person(Person_ID, Age, Name, Date_of_birth, Address, Area_code, Phone_number) VALUES (23, 21, 'Beau Tolin', '2003-04-06', '417 Friedman St.', '4586084', '056-1983738');
INSERT INTO Person(Person_ID, Age, Name, Date_of_birth, Address, Area_code, Phone_number) VALUES (24, 28, 'Mary Summers', '1996-08-10', '434 Hixson St.', '9164991', '052-4185957');
INSERT INTO Person(Person_ID, Age, Name, Date_of_birth, Address, Area_code, Phone_number) VALUES (25, 36, 'Donny Whitmore', '1988-09-02', '766 Wade St.', '1841248', '059-8999183');
INSERT INTO Person(Person_ID, Age, Name, Date_of_birth, Address, Area_code, Phone_number) VALUES (26, 50, 'John Quinones', '1974-03-03', '610 Thomas St.', '4946066', '056-3011363');
INSERT INTO Person(Person_ID, Age, Name, Date_of_birth, Address, Area_code, Phone_number) VALUES (27, 54, 'Bruce Brown', '1970-02-14', '674 Dube St.', '9770838', '055-5374922');
INSERT INTO Person(Person_ID, Age, Name, Date_of_birth, Address, Area_code, Phone_number) VALUES (28, 31, 'Melissa Flynn', '1993-11-21', '308 Joyner St.', '2217071', '050-8688755');
INSERT INTO Person(Person_ID, Age, Name, Date_of_birth, Address, Area_code, Phone_number) VALUES (29, 57, 'Robert Sullivan', '1967-05-05', '956 Delgado St.', '2154126', '053-7199635');
INSERT INTO Person(Person_ID, Age, Name, Date_of_birth, Address, Area_code, Phone_number) VALUES (30, 36, 'Scott Shook', '1988-05-20', '827 Pannell St.', '1131249', '058-6022741');
INSERT INTO Person(Person_ID, Age, Name, Date_of_birth, Address, Area_code, Phone_number) VALUES (31, 60, 'Will Carter', '1964-02-04', '761 Bateman St.', '5569244', '054-4533779');
INSERT INTO Person(Person_ID, Age, Name, Date_of_birth, Address, Area_code, Phone_number) VALUES (32, 63, 'Sarah Birch', '1961-05-17', '501 Nichols St.', '1852264', '051-8106422');
INSERT INTO Person(Person_ID, Age, Name, Date_of_birth, Address, Area_code, Phone_number) VALUES (33, 35, 'James Mcdougald', '1989-11-09', '166 Shoop St.', '8175395', '058-1162230');
INSERT INTO Person(Person_ID, Age, Name, Date_of_birth, Address, Area_code, Phone_number) VALUES (34, 25, 'Bryce Dominquez', '1999-03-18', '37 Southwood St.', '3484601', '056-3138181');
INSERT INTO Person(Person_ID, Age, Name, Date_of_birth, Address, Area_code, Phone_number) VALUES (35, 20, 'Cheryl Roes', '2004-01-12', '216 Mackie St.', '2724590', '055-7817881');
INSERT INTO Person(Person_ID, Age, Name, Date_of_birth, Address, Area_code, Phone_number) VALUES (36, 57, 'Frankie Henry', '1967-03-26', '831 Ramirez St.', '7917152', '050-4009172');
INSERT INTO Person(Person_ID, Age, Name, Date_of_birth, Address, Area_code, Phone_number) VALUES (37, 65, 'Sheri Kemp', '1959-11-28', '753 Varley St.', '5476257', '052-2813543');
INSERT INTO Person(Person_ID, Age, Name, Date_of_birth, Address, Area_code, Phone_number) VALUES (38, 42, 'Dave Gibson', '1982-08-12', '313 Mcelwain St.', '4818418', '053-1397023');
INSERT INTO Person(Person_ID, Age, Name, Date_of_birth, Address, Area_code, Phone_number) VALUES (39, 60, 'Gary Kelley', '1964-02-25', '286 Rodgers St.', '9546409', '056-9996207');
INSERT INTO Person(Person_ID, Age, Name, Date_of_birth, Address, Area_code, Phone_number) VALUES (40, 39, 'Michael Treston', '1985-03-19', '986 Pasey St.', '1641849', '051-8290770');
INSERT INTO Person(Person_ID, Age, Name, Date_of_birth, Address, Area_code, Phone_number) VALUES (41, 40, 'Louise Muellerleile', '1984-02-13', '922 Pool St.', '5273534', '050-8315831');
INSERT INTO Person(Person_ID, Age, Name, Date_of_birth, Address, Area_code, Phone_number) VALUES (42, 18, 'Ronald Jackson', '2006-11-11', '639 Soto St.', '3090865', '054-9508103');
INSERT INTO Person(Person_ID, Age, Name, Date_of_birth, Address, Area_code, Phone_number) VALUES (43, 37, 'Joyce Gower', '1987-09-05', '197 Gallegos St.', '7361002', '052-6049101');
INSERT INTO Person(Person_ID, Age, Name, Date_of_birth, Address, Area_code, Phone_number) VALUES (44, 43, 'Donald Ford', '1981-10-20', '671 Miles St.', '8411939', '057-4585314');
INSERT INTO Person(Person_ID, Age, Name, Date_of_birth, Address, Area_code, Phone_number) VALUES (45, 50, 'Nichole Benet', '1974-12-06', '675 Thompson St.', '9647849', '059-6623525');
INSERT INTO Person(Person_ID, Age, Name, Date_of_birth, Address, Area_code, Phone_number) VALUES (46, 23, 'Stanley Cruz', '2001-04-05', '26 Davis St.', '8971465', '059-2221854');
INSERT INTO Person(Person_ID, Age, Name, Date_of_birth, Address, Area_code, Phone_number) VALUES (47, 47, 'Rosalinda Aragon', '1977-12-23', '394 Magee St.', '5093379', '052-1093026');
INSERT INTO Person(Person_ID, Age, Name, Date_of_birth, Address, Area_code, Phone_number) VALUES (48, 66, 'Greg Owens', '1958-12-17', '476 Miller St.', '5180853', '051-8658158');
INSERT INTO Person(Person_ID, Age, Name, Date_of_birth, Address, Area_code, Phone_number) VALUES (49, 26, 'Willie Fuger', '1998-10-11', '973 Nigro St.', '8425149', '059-9468772');
INSERT INTO Person(Person_ID, Age, Name, Date_of_birth, Address, Area_code, Phone_number) VALUES (50, 45, 'Briana Lally', '1979-08-15', '266 Nowicki St.', '5652512', '058-9130188');
INSERT INTO Person(Person_ID, Age, Name, Date_of_birth, Address, Area_code, Phone_number) VALUES (51, 58, 'Daniel Harris', '1966-05-08', '279 Keller St.', '2351868', '052-3530518');
INSERT INTO Person(Person_ID, Age, Name, Date_of_birth, Address, Area_code, Phone_number) VALUES (52, 32, 'Marian Porras', '1992-02-14', '418 Santiago St.', '8816912', '056-2044645');
INSERT INTO Person(Person_ID, Age, Name, Date_of_birth, Address, Area_code, Phone_number) VALUES (53, 31, 'Kelly Melson', '1993-12-01', '878 Mayson St.', '7381734', '057-1098919');
INSERT INTO Person(Person_ID, Age, Name, Date_of_birth, Address, Area_code, Phone_number) VALUES (54, 40, 'Eunice Sheeley', '1984-07-18', '766 Mcpeak St.', '4700025', '057-4681284');
INSERT INTO Person(Person_ID, Age, Name, Date_of_birth, Address, Area_code, Phone_number) VALUES (55, 35, 'Rita Phelps', '1989-11-22', '818 Small St.', '3768991', '057-3141239');
INSERT INTO Person(Person_ID, Age, Name, Date_of_birth, Address, Area_code, Phone_number) VALUES (56, 57, 'Guillermo Jameson', '1967-11-01', '86 Moffitt St.', '3276659', '057-4048907');
INSERT INTO Person(Person_ID, Age, Name, Date_of_birth, Address, Area_code, Phone_number) VALUES (57, 21, 'Judith Hamilton', '2003-06-11', '780 Stalzer St.', '5668371', '056-5232413');
INSERT INTO Person(Person_ID, Age, Name, Date_of_birth, Address, Area_code, Phone_number) VALUES (58, 23, 'Mary Kyle', '2001-06-08', '666 Thomas St.', '1675419', '050-5148725');
INSERT INTO Person(Person_ID, Age, Name, Date_of_birth, Address, Area_code, Phone_number) VALUES (59, 30, 'Bobby Morales', '1994-08-22', '118 Jolly St.', '4656838', '057-5299055');
INSERT INTO Person(Person_ID, Age, Name, Date_of_birth, Address, Area_code, Phone_number) VALUES (60, 67, 'Donna Donald', '1957-12-23', '118 Farthing St.', '3747534', '054-2813596');
INSERT INTO Person(Person_ID, Age, Name, Date_of_birth, Address, Area_code, Phone_number) VALUES (61, 55, 'Pat Trejo', '1969-07-13', '965 Geller St.', '2275009', '059-5074336');
INSERT INTO Person(Person_ID, Age, Name, Date_of_birth, Address, Area_code, Phone_number) VALUES (62, 24, 'Trudy Magana', '2000-02-26', '580 Reneau St.', '6825112', '058-8186990');
INSERT INTO Person(Person_ID, Age, Name, Date_of_birth, Address, Area_code, Phone_number) VALUES (63, 60, 'Elizabeth Peebles', '1964-01-28', '431 Mimms St.', '2770648', '056-7076506');
INSERT INTO Person(Person_ID, Age, Name, Date_of_birth, Address, Area_code, Phone_number) VALUES (64, 58, 'Christy Velez', '1966-12-17', '989 Dellinger St.', '9111742', '057-8307727');
INSERT INTO Person(Person_ID, Age, Name, Date_of_birth, Address, Area_code, Phone_number) VALUES (65, 70, 'Ann Holmes', '1954-02-09', '903 Tillman St.', '8796514', '059-7358385');
INSERT INTO Person(Person_ID, Age, Name, Date_of_birth, Address, Area_code, Phone_number) VALUES (66, 39, 'Peter Watts', '1985-08-07', '364 Andreas St.', '6709938', '054-5635017');
INSERT INTO Person(Person_ID, Age, Name, Date_of_birth, Address, Area_code, Phone_number) VALUES (67, 53, 'Arthur Coleman', '1971-04-24', '417 Lake St.', '5031966', '057-9234615');
INSERT INTO Person(Person_ID, Age, Name, Date_of_birth, Address, Area_code, Phone_number) VALUES (68, 46, 'Robert Harrison', '1978-12-08', '314 Vue St.', '7191135', '057-9907391');
INSERT INTO Person(Person_ID, Age, Name, Date_of_birth, Address, Area_code, Phone_number) VALUES (69, 40, 'Mariella Dawkins', '1984-06-23', '465 Harper St.', '5217853', '053-3024269');
INSERT INTO Person(Person_ID, Age, Name, Date_of_birth, Address, Area_code, Phone_number) VALUES (70, 64, 'George Flinn', '1960-12-06', '197 Cole St.', '9123504', '054-9801946');
INSERT INTO Person(Person_ID, Age, Name, Date_of_birth, Address, Area_code, Phone_number) VALUES (71, 56, 'Hedy Rosenow', '1968-05-08', '370 Watson St.', '1237370', '058-3123709');
INSERT INTO Person(Person_ID, Age, Name, Date_of_birth, Address, Area_code, Phone_number) VALUES (72, 35, 'Dominique Abernathy', '1989-12-05', '654 Enderle St.', '9235577', '051-1205779');
INSERT INTO Person(Person_ID, Age, Name, Date_of_birth, Address, Area_code, Phone_number) VALUES (73, 54, 'Annie Pennington', '1970-03-02', '259 Maisey St.', '9014965', '051-2096280');
INSERT INTO Person(Person_ID, Age, Name, Date_of_birth, Address, Area_code, Phone_number) VALUES (74, 43, 'Jennifer Purnell', '1981-01-05', '153 Raggs St.', '6097514', '051-5163953');
INSERT INTO Person(Person_ID, Age, Name, Date_of_birth, Address, Area_code, Phone_number) VALUES (75, 25, 'Beatrice Hunsicker', '1999-04-25', '536 Park St.', '8427625', '054-8194570');
INSERT INTO Person(Person_ID, Age, Name, Date_of_birth, Address, Area_code, Phone_number) VALUES (76, 37, 'Randy Velarde', '1987-04-21', '217 Olson St.', '2362099', '052-5024269');
INSERT INTO Person(Person_ID, Age, Name, Date_of_birth, Address, Area_code, Phone_number) VALUES (77, 29, 'William Petersen', '1995-12-20', '482 Morrison St.', '4883526', '054-5743227');
INSERT INTO Person(Person_ID, Age, Name, Date_of_birth, Address, Area_code, Phone_number) VALUES (78, 62, 'Elizabeth Porter', '1962-05-26', '811 Valdes St.', '4318855', '056-2925626');
INSERT INTO Person(Person_ID, Age, Name, Date_of_birth, Address, Area_code, Phone_number) VALUES (79, 52, 'Sean Handly', '1972-03-03', '62 Bailey St.', '6160869', '059-5842082');
INSERT INTO Person(Person_ID, Age, Name, Date_of_birth, Address, Area_code, Phone_number) VALUES (80, 46, 'Gregory Moreno', '1978-07-09', '513 Lay St.', '8344375', '051-1668752');
INSERT INTO Person(Person_ID, Age, Name, Date_of_birth, Address, Area_code, Phone_number) VALUES (81, 45, 'Regina Williams', '1979-04-22', '857 Caverly St.', '1348050', '054-1674975');
INSERT INTO Person(Person_ID, Age, Name, Date_of_birth, Address, Area_code, Phone_number) VALUES (82, 66, 'Joshua Haggard', '1958-05-06', '600 Estes St.', '9249789', '051-8885465');
INSERT INTO Person(Person_ID, Age, Name, Date_of_birth, Address, Area_code, Phone_number) VALUES (83, 40, 'Alice Wild', '1984-03-11', '422 Chew St.', '5835492', '056-1615675');
INSERT INTO Person(Person_ID, Age, Name, Date_of_birth, Address, Area_code, Phone_number) VALUES (84, 47, 'George Chambers', '1977-07-28', '527 Fullilove St.', '1019311', '058-8750676');
INSERT INTO Person(Person_ID, Age, Name, Date_of_birth, Address, Area_code, Phone_number) VALUES (85, 44, 'David Malone', '1980-08-21', '453 Nickens St.', '4415140', '054-3198037');
INSERT INTO Person(Person_ID, Age, Name, Date_of_birth, Address, Area_code, Phone_number) VALUES (86, 36, 'Jami Boggs', '1988-01-21', '624 Bengtson St.', '3657144', '054-1229419');
INSERT INTO Person(Person_ID, Age, Name, Date_of_birth, Address, Area_code, Phone_number) VALUES (87, 53, 'Maria Vrablic', '1971-02-15', '970 Wright St.', '3583206', '057-5896624');
INSERT INTO Person(Person_ID, Age, Name, Date_of_birth, Address, Area_code, Phone_number) VALUES (88, 50, 'Tammy Mayfield', '1974-08-08', '468 Hinson St.', '7435505', '053-9526867');
INSERT INTO Person(Person_ID, Age, Name, Date_of_birth, Address, Area_code, Phone_number) VALUES (89, 65, 'Willard Chavez', '1959-07-11', '957 Lunde St.', '5482413', '050-5745250');
INSERT INTO Person(Person_ID, Age, Name, Date_of_birth, Address, Area_code, Phone_number) VALUES (90, 64, 'Trisha Huntley', '1960-11-16', '887 Evans St.', '9125900', '055-6577416');
INSERT INTO Person(Person_ID, Age, Name, Date_of_birth, Address, Area_code, Phone_number) VALUES (91, 53, 'Lois Lucas', '1971-04-23', '245 Means St.', '4918527', '056-1732280');
INSERT INTO Person(Person_ID, Age, Name, Date_of_birth, Address, Area_code, Phone_number) VALUES (92, 38, 'Myrtle Mauer', '1986-07-22', '812 Kernan St.', '3551903', '057-1621086');
INSERT INTO Person(Person_ID, Age, Name, Date_of_birth, Address, Area_code, Phone_number) VALUES (93, 26, 'Lorie Lobue', '1998-08-04', '539 Vegter St.', '1257489', '052-7878299');
INSERT INTO Person(Person_ID, Age, Name, Date_of_birth, Address, Area_code, Phone_number) VALUES (94, 59, 'Robert Laverty', '1965-05-11', '639 Oswalt St.', '2347467', '055-9952696');
INSERT INTO Person(Person_ID, Age, Name, Date_of_birth, Address, Area_code, Phone_number) VALUES (95, 42, 'Roberta Mcclane', '1982-08-28', '555 Brown St.', '2147909', '053-5821419');
INSERT INTO Person(Person_ID, Age, Name, Date_of_birth, Address, Area_code, Phone_number) VALUES (96, 32, 'Frank Lewis', '1992-11-23', '894 Lewis St.', '3791137', '054-1485654');
INSERT INTO Person(Person_ID, Age, Name, Date_of_birth, Address, Area_code, Phone_number) VALUES (97, 20, 'Marcella Harvey', '2004-06-14', '150 Gordon St.', '7913081', '059-4020853');
INSERT INTO Person(Person_ID, Age, Name, Date_of_birth, Address, Area_code, Phone_number) VALUES (98, 28, 'Robert Litke', '1996-10-22', '247 Crabtree St.', '3401116', '053-8736811');
INSERT INTO Person(Person_ID, Age, Name, Date_of_birth, Address, Area_code, Phone_number) VALUES (99, 58, 'Tina Kunkel', '1966-08-10', '694 Link St.', '2239197', '057-6797629');
INSERT INTO Person(Person_ID, Age, Name, Date_of_birth, Address, Area_code, Phone_number) VALUES (100, 55, 'Vanessa Marks', '1969-05-15', '866 Frazier St.', '7454081', '057-2789344');
INSERT INTO Person(Person_ID, Age, Name, Date_of_birth, Address, Area_code, Phone_number) VALUES (101, 33, 'Eleanor Prescott', '1991-12-10', '23 Colace St.', '7640518', '054-1135861');
INSERT INTO Person(Person_ID, Age, Name, Date_of_birth, Address, Area_code, Phone_number) VALUES (102, 54, 'Cedric Wilmot', '1970-05-25', '819 Webb St.', '6910964', '053-4189885');
INSERT INTO Person(Person_ID, Age, Name, Date_of_birth, Address, Area_code, Phone_number) VALUES (103, 57, 'Tamara Dutcher', '1967-11-22', '859 Mitchell St.', '2630140', '050-6183033');
INSERT INTO Person(Person_ID, Age, Name, Date_of_birth, Address, Area_code, Phone_number) VALUES (104, 68, 'Patricia Osborne', '1956-03-03', '932 Stanley St.', '7970985', '052-4368777');
INSERT INTO Person(Person_ID, Age, Name, Date_of_birth, Address, Area_code, Phone_number) VALUES (105, 26, 'Ethel Geralds', '1998-03-09', '936 Hofman St.', '9084065', '054-6682698');
INSERT INTO Person(Person_ID, Age, Name, Date_of_birth, Address, Area_code, Phone_number) VALUES (106, 69, 'Gregory White', '1955-04-28', '693 Rahn St.', '7667458', '058-7136687');
INSERT INTO Person(Person_ID, Age, Name, Date_of_birth, Address, Area_code, Phone_number) VALUES (107, 23, 'Mary Benitez', '2001-08-12', '689 Farnham St.', '5398338', '059-7392547');
INSERT INTO Person(Person_ID, Age, Name, Date_of_birth, Address, Area_code, Phone_number) VALUES (108, 70, 'Margaret Hunter', '1954-01-20', '906 Drabant St.', '6503032', '059-4713925');
INSERT INTO Person(Person_ID, Age, Name, Date_of_birth, Address, Area_code, Phone_number) VALUES (109, 59, 'Jesse Guy', '1965-12-10', '665 Glenn St.', '3345069', '050-1624315');
INSERT INTO Person(Person_ID, Age, Name, Date_of_birth, Address, Area_code, Phone_number) VALUES (110, 37, 'Dorothy Hicks', '1987-09-05', '398 Zamora St.', '8031780', '059-3592464');
INSERT INTO Person(Person_ID, Age, Name, Date_of_birth, Address, Area_code, Phone_number) VALUES (111, 44, 'Jamie Isbell', '1980-05-02', '707 Greer St.', '8438733', '057-4961312');
INSERT INTO Person(Person_ID, Age, Name, Date_of_birth, Address, Area_code, Phone_number) VALUES (112, 41, 'Royal Gross', '1983-11-12', '63 Oconnor St.', '4184459', '051-8628891');
INSERT INTO Person(Person_ID, Age, Name, Date_of_birth, Address, Area_code, Phone_number) VALUES (113, 23, 'Alan Dowling', '2001-01-02', '806 Schultz St.', '3112652', '059-4442778');
INSERT INTO Person(Person_ID, Age, Name, Date_of_birth, Address, Area_code, Phone_number) VALUES (114, 22, 'Harry Mohn', '2002-04-11', '793 Parker St.', '1047572', '054-3427461');
INSERT INTO Person(Person_ID, Age, Name, Date_of_birth, Address, Area_code, Phone_number) VALUES (115, 26, 'Estelle Allen', '1998-01-05', '16 Goodman St.', '4991829', '059-6431983');
INSERT INTO Person(Person_ID, Age, Name, Date_of_birth, Address, Area_code, Phone_number) VALUES (116, 19, 'Christopher Adams', '2005-07-17', '117 Gillam St.', '8990081', '057-7074006');
INSERT INTO Person(Person_ID, Age, Name, Date_of_birth, Address, Area_code, Phone_number) VALUES (117, 50, 'Stephen Ellis', '1974-10-02', '745 Ginder St.', '9748499', '054-8684678');
INSERT INTO Person(Person_ID, Age, Name, Date_of_birth, Address, Area_code, Phone_number) VALUES (118, 59, 'John Oneil', '1965-07-14', '703 Allen St.', '8441741', '051-2355439');
INSERT INTO Person(Person_ID, Age, Name, Date_of_birth, Address, Area_code, Phone_number) VALUES (119, 38, 'John Lawrence', '1986-11-19', '562 Bemis St.', '7390515', '059-9901266');
INSERT INTO Person(Person_ID, Age, Name, Date_of_birth, Address, Area_code, Phone_number) VALUES (120, 36, 'Cindy Ayers', '1988-12-04', '874 Forsyth St.', '4607488', '056-8575834');
INSERT INTO Person(Person_ID, Age, Name, Date_of_birth, Address, Area_code, Phone_number) VALUES (121, 32, 'Julie Spence', '1992-07-24', '98 Terry St.', '6243275', '054-7279729');
INSERT INTO Person(Person_ID, Age, Name, Date_of_birth, Address, Area_code, Phone_number) VALUES (122, 27, 'Elizabeth Catoe', '1997-02-14', '99 Lemley St.', '7251976', '052-2006313');
INSERT INTO Person(Person_ID, Age, Name, Date_of_birth, Address, Area_code, Phone_number) VALUES (123, 55, 'Delores Schroeder', '1969-11-25', '434 Hodes St.', '1863121', '054-6242022');
INSERT INTO Person(Person_ID, Age, Name, Date_of_birth, Address, Area_code, Phone_number) VALUES (124, 40, 'Bruce Graham', '1984-11-16', '230 Debellis St.', '6873938', '058-7166651');
INSERT INTO Person(Person_ID, Age, Name, Date_of_birth, Address, Area_code, Phone_number) VALUES (125, 25, 'Valerie Dake', '1999-09-25', '839 Emmons St.', '1440466', '059-5487028');
INSERT INTO Person(Person_ID, Age, Name, Date_of_birth, Address, Area_code, Phone_number) VALUES (126, 19, 'Daniel Looper', '2005-06-12', '7 Brooks St.', '3403361', '059-7724045');
INSERT INTO Person(Person_ID, Age, Name, Date_of_birth, Address, Area_code, Phone_number) VALUES (127, 22, 'Francisco Sangi', '2002-02-24', '544 Woods St.', '8043620', '057-6719285');
INSERT INTO Person(Person_ID, Age, Name, Date_of_birth, Address, Area_code, Phone_number) VALUES (128, 28, 'Catherine Lambert', '1996-10-20', '87 Reta St.', '3610197', '052-1834876');
INSERT INTO Person(Person_ID, Age, Name, Date_of_birth, Address, Area_code, Phone_number) VALUES (129, 61, 'Daniel Colwell', '1963-08-20', '453 Humphrey St.', '4616647', '058-2909540');
INSERT INTO Person(Person_ID, Age, Name, Date_of_birth, Address, Area_code, Phone_number) VALUES (130, 40, 'Dorothy Yoon', '1984-10-16', '540 Mcdougal St.', '1761976', '053-7631419');
INSERT INTO Person(Person_ID, Age, Name, Date_of_birth, Address, Area_code, Phone_number) VALUES (131, 56, 'James Larson', '1968-04-25', '141 Burlingame St.', '5856117', '055-3013003');
INSERT INTO Person(Person_ID, Age, Name, Date_of_birth, Address, Area_code, Phone_number) VALUES (132, 18, 'Hattie Peterson', '2006-07-18', '721 Webb St.', '6941939', '051-7661748');
INSERT INTO Person(Person_ID, Age, Name, Date_of_birth, Address, Area_code, Phone_number) VALUES (133, 65, 'Scott Dunlap', '1959-02-28', '321 Whitlock St.', '7785090', '056-5857259');
INSERT INTO Person(Person_ID, Age, Name, Date_of_birth, Address, Area_code, Phone_number) VALUES (134, 25, 'Mary Fletcher', '1999-10-15', '852 Cothran St.', '7070880', '051-8326807');
INSERT INTO Person(Person_ID, Age, Name, Date_of_birth, Address, Area_code, Phone_number) VALUES (135, 24, 'Scott Dominguez', '2000-02-13', '892 Vargas St.', '6696087', '053-6587964');
INSERT INTO Person(Person_ID, Age, Name, Date_of_birth, Address, Area_code, Phone_number) VALUES (136, 67, 'Robert Buffington', '1957-09-17', '199 Toste St.', '6861544', '055-3477824');
INSERT INTO Person(Person_ID, Age, Name, Date_of_birth, Address, Area_code, Phone_number) VALUES (137, 33, 'William Hughes', '1991-10-05', '779 Gehring St.', '2264218', '052-9289908');
INSERT INTO Person(Person_ID, Age, Name, Date_of_birth, Address, Area_code, Phone_number) VALUES (138, 47, 'Constance Cimini', '1977-11-21', '640 Chambers St.', '6303930', '052-8377995');
INSERT INTO Person(Person_ID, Age, Name, Date_of_birth, Address, Area_code, Phone_number) VALUES (139, 22, 'Anne Hanson', '2002-05-19', '58 Newton St.', '2244712', '054-8746753');
INSERT INTO Person(Person_ID, Age, Name, Date_of_birth, Address, Area_code, Phone_number) VALUES (140, 46, 'John Collar', '1978-02-21', '885 Docken St.', '2514923', '059-9507186');
INSERT INTO Person(Person_ID, Age, Name, Date_of_birth, Address, Area_code, Phone_number) VALUES (141, 42, 'Suzanne Rollinger', '1982-12-02', '461 Dobratz St.', '4158134', '055-8979730');
INSERT INTO Person(Person_ID, Age, Name, Date_of_birth, Address, Area_code, Phone_number) VALUES (142, 50, 'Raphael Gillespie', '1974-06-23', '87 Christopher St.', '3895058', '050-5156449');
INSERT INTO Person(Person_ID, Age, Name, Date_of_birth, Address, Area_code, Phone_number) VALUES (143, 63, 'Lauralee Mcclendon', '1961-10-06', '373 Houston St.', '5746166', '056-7858012');
INSERT INTO Person(Person_ID, Age, Name, Date_of_birth, Address, Area_code, Phone_number) VALUES (144, 67, 'Joy Wilson', '1957-11-21', '343 Anderson St.', '2585546', '058-7485471');
INSERT INTO Person(Person_ID, Age, Name, Date_of_birth, Address, Area_code, Phone_number) VALUES (145, 36, 'Leona Creighton', '1988-10-28', '154 Schultz St.', '3372774', '055-6204824');
INSERT INTO Person(Person_ID, Age, Name, Date_of_birth, Address, Area_code, Phone_number) VALUES (146, 59, 'Nancy Bane', '1965-02-10', '573 Brady St.', '6510922', '052-9831414');
INSERT INTO Person(Person_ID, Age, Name, Date_of_birth, Address, Area_code, Phone_number) VALUES (147, 23, 'Grace Johnson', '2001-05-06', '974 Wallace St.', '9158272', '053-4800761');
INSERT INTO Person(Person_ID, Age, Name, Date_of_birth, Address, Area_code, Phone_number) VALUES (148, 26, 'Robert Handel', '1998-02-17', '790 Choi St.', '9833734', '050-6649968');
INSERT INTO Person(Person_ID, Age, Name, Date_of_birth, Address, Area_code, Phone_number) VALUES (149, 67, 'Steve Sanchez', '1957-03-27', '710 Mulder St.', '3777286', '057-1733037');
INSERT INTO Person(Person_ID, Age, Name, Date_of_birth, Address, Area_code, Phone_number) VALUES (150, 44, 'Allison Boyd', '1980-08-20', '292 Cavender St.', '8531761', '053-9959220');
INSERT INTO Bartender(Beer_Expert, Wage, Wine_Specialist, Experience, Mixologist, Person_ID) VALUES (0, 45.47, 1, 7, 1, 1);
INSERT INTO Bartender(Beer_Expert, Wage, Wine_Specialist, Experience, Mixologist, Person_ID) VALUES (1, 53.08, 1, 13, 1, 2);
INSERT INTO Bartender(Beer_Expert, Wage, Wine_Specialist, Experience, Mixologist, Person_ID) VALUES (0, 70.84, 0, 9, 0, 3);
INSERT INTO Bartender(Beer_Expert, Wage, Wine_Specialist, Experience, Mixologist, Person_ID) VALUES (1, 73.71, 0, 17, 0, 4);
INSERT INTO Bartender(Beer_Expert, Wage, Wine_Specialist, Experience, Mixologist, Person_ID) VALUES (1, 34.19, 0, 9, 1, 5);
INSERT INTO Bartender(Beer_Expert, Wage, Wine_Specialist, Experience, Mixologist, Person_ID) VALUES (0, 71.55, 0, 8, 1, 6);
INSERT INTO Bartender(Beer_Expert, Wage, Wine_Specialist, Experience, Mixologist, Person_ID) VALUES (1, 76.52, 1, 2, 1, 7);
INSERT INTO Bartender(Beer_Expert, Wage, Wine_Specialist, Experience, Mixologist, Person_ID) VALUES (1, 41.79, 0, 12, 0, 8);
INSERT INTO Bartender(Beer_Expert, Wage, Wine_Specialist, Experience, Mixologist, Person_ID) VALUES (0, 45.93, 0, 11, 0, 9);
INSERT INTO Bartender(Beer_Expert, Wage, Wine_Specialist, Experience, Mixologist, Person_ID) VALUES (0, 31.92, 1, 5, 1, 10);
INSERT INTO Bartender(Beer_Expert, Wage, Wine_Specialist, Experience, Mixologist, Person_ID) VALUES (1, 60.77, 0, 1, 1, 11);
INSERT INTO Bartender(Beer_Expert, Wage, Wine_Specialist, Experience, Mixologist, Person_ID) VALUES (0, 71.75, 1, 4, 1, 12);
INSERT INTO Bartender(Beer_Expert, Wage, Wine_Specialist, Experience, Mixologist, Person_ID) VALUES (0, 45.06, 0, 8, 1, 13);
INSERT INTO Bartender(Beer_Expert, Wage, Wine_Specialist, Experience, Mixologist, Person_ID) VALUES (1, 33.14, 1, 20, 0, 14);
INSERT INTO Bartender(Beer_Expert, Wage, Wine_Specialist, Experience, Mixologist, Person_ID) VALUES (0, 65.93, 1, 14, 0, 15);
INSERT INTO Bartender(Beer_Expert, Wage, Wine_Specialist, Experience, Mixologist, Person_ID) VALUES (1, 42.03, 1, 6, 0, 16);
INSERT INTO Bartender(Beer_Expert, Wage, Wine_Specialist, Experience, Mixologist, Person_ID) VALUES (1, 33.38, 0, 13, 1, 17);
INSERT INTO Bartender(Beer_Expert, Wage, Wine_Specialist, Experience, Mixologist, Person_ID) VALUES (0, 61.78, 1, 9, 0, 18);
INSERT INTO Bartender(Beer_Expert, Wage, Wine_Specialist, Experience, Mixologist, Person_ID) VALUES (1, 69.43, 1, 8, 0, 19);
INSERT INTO Bartender(Beer_Expert, Wage, Wine_Specialist, Experience, Mixologist, Person_ID) VALUES (1, 36.67, 1, 18, 1, 20);
INSERT INTO Bartender(Beer_Expert, Wage, Wine_Specialist, Experience, Mixologist, Person_ID) VALUES (0, 71.52, 1, 16, 0, 21);
INSERT INTO Bartender(Beer_Expert, Wage, Wine_Specialist, Experience, Mixologist, Person_ID) VALUES (0, 33.16, 1, 2, 1, 22);
INSERT INTO Bartender(Beer_Expert, Wage, Wine_Specialist, Experience, Mixologist, Person_ID) VALUES (0, 32.19, 0, 2, 1, 23);
INSERT INTO Bartender(Beer_Expert, Wage, Wine_Specialist, Experience, Mixologist, Person_ID) VALUES (1, 55.77, 1, 9, 0, 24);
INSERT INTO Bartender(Beer_Expert, Wage, Wine_Specialist, Experience, Mixologist, Person_ID) VALUES (0, 44.31, 0, 11, 1, 25);
INSERT INTO Bartender(Beer_Expert, Wage, Wine_Specialist, Experience, Mixologist, Person_ID) VALUES (0, 69.97, 1, 13, 1, 26);
INSERT INTO Bartender(Beer_Expert, Wage, Wine_Specialist, Experience, Mixologist, Person_ID) VALUES (1, 46.95, 0, 16, 1, 27);
INSERT INTO Bartender(Beer_Expert, Wage, Wine_Specialist, Experience, Mixologist, Person_ID) VALUES (1, 76.22, 1, 3, 1, 28);
INSERT INTO Bartender(Beer_Expert, Wage, Wine_Specialist, Experience, Mixologist, Person_ID) VALUES (0, 51.53, 0, 18, 1, 29);
INSERT INTO Bartender(Beer_Expert, Wage, Wine_Specialist, Experience, Mixologist, Person_ID) VALUES (1, 35.13, 1, 10, 1, 30);
INSERT INTO Bartender(Beer_Expert, Wage, Wine_Specialist, Experience, Mixologist, Person_ID) VALUES (1, 60.13, 1, 6, 1, 31);
INSERT INTO Bartender(Beer_Expert, Wage, Wine_Specialist, Experience, Mixologist, Person_ID) VALUES (1, 52.36, 1, 20, 1, 32);
INSERT INTO Bartender(Beer_Expert, Wage, Wine_Specialist, Experience, Mixologist, Person_ID) VALUES (1, 61.97, 0, 3, 1, 33);
INSERT INTO Bartender(Beer_Expert, Wage, Wine_Specialist, Experience, Mixologist, Person_ID) VALUES (1, 55.65, 0, 1, 0, 34);
INSERT INTO Bartender(Beer_Expert, Wage, Wine_Specialist, Experience, Mixologist, Person_ID) VALUES (1, 31.74, 0, 8, 1, 35);
INSERT INTO Bartender(Beer_Expert, Wage, Wine_Specialist, Experience, Mixologist, Person_ID) VALUES (1, 49.14, 0, 20, 0, 36);
INSERT INTO Bartender(Beer_Expert, Wage, Wine_Specialist, Experience, Mixologist, Person_ID) VALUES (1, 77.44, 1, 15, 0, 37);
INSERT INTO Bartender(Beer_Expert, Wage, Wine_Specialist, Experience, Mixologist, Person_ID) VALUES (0, 56.47, 1, 11, 1, 38);
INSERT INTO Bartender(Beer_Expert, Wage, Wine_Specialist, Experience, Mixologist, Person_ID) VALUES (0, 78.03, 0, 6, 1, 39);
INSERT INTO Bartender(Beer_Expert, Wage, Wine_Specialist, Experience, Mixologist, Person_ID) VALUES (1, 75.68, 0, 9, 1, 40);
INSERT INTO Bartender(Beer_Expert, Wage, Wine_Specialist, Experience, Mixologist, Person_ID) VALUES (1, 40.73, 1, 16, 0, 41);
INSERT INTO Bartender(Beer_Expert, Wage, Wine_Specialist, Experience, Mixologist, Person_ID) VALUES (0, 36.79, 0, 15, 0, 42);
INSERT INTO Bartender(Beer_Expert, Wage, Wine_Specialist, Experience, Mixologist, Person_ID) VALUES (1, 79.86, 1, 12, 0, 43);
INSERT INTO Bartender(Beer_Expert, Wage, Wine_Specialist, Experience, Mixologist, Person_ID) VALUES (1, 74.57, 0, 6, 1, 44);
INSERT INTO Bartender(Beer_Expert, Wage, Wine_Specialist, Experience, Mixologist, Person_ID) VALUES (0, 36.07, 0, 5, 0, 45);
INSERT INTO Bartender(Beer_Expert, Wage, Wine_Specialist, Experience, Mixologist, Person_ID) VALUES (1, 31.31, 1, 15, 0, 46);
INSERT INTO Bartender(Beer_Expert, Wage, Wine_Specialist, Experience, Mixologist, Person_ID) VALUES (0, 33.29, 1, 16, 1, 47);
INSERT INTO Bartender(Beer_Expert, Wage, Wine_Specialist, Experience, Mixologist, Person_ID) VALUES (1, 71.17, 0, 5, 1, 48);
INSERT INTO Bartender(Beer_Expert, Wage, Wine_Specialist, Experience, Mixologist, Person_ID) VALUES (0, 52.5, 1, 5, 0, 49);
INSERT INTO Bartender(Beer_Expert, Wage, Wine_Specialist, Experience, Mixologist, Person_ID) VALUES (0, 51.63, 0, 4, 0, 50);
INSERT INTO Bartender(Beer_Expert, Wage, Wine_Specialist, Experience, Mixologist, Person_ID) VALUES (1, 38.23, 1, 8, 1, 51);
INSERT INTO Bartender(Beer_Expert, Wage, Wine_Specialist, Experience, Mixologist, Person_ID) VALUES (1, 72.3, 1, 7, 1, 52);
INSERT INTO Bartender(Beer_Expert, Wage, Wine_Specialist, Experience, Mixologist, Person_ID) VALUES (0, 61.25, 0, 17, 0, 53);
INSERT INTO Bartender(Beer_Expert, Wage, Wine_Specialist, Experience, Mixologist, Person_ID) VALUES (0, 38.56, 1, 19, 0, 54);
INSERT INTO Bartender(Beer_Expert, Wage, Wine_Specialist, Experience, Mixologist, Person_ID) VALUES (0, 34.06, 1, 7, 1, 55);
INSERT INTO Bartender(Beer_Expert, Wage, Wine_Specialist, Experience, Mixologist, Person_ID) VALUES (0, 54.9, 1, 10, 1, 56);
INSERT INTO Bartender(Beer_Expert, Wage, Wine_Specialist, Experience, Mixologist, Person_ID) VALUES (0, 70.23, 1, 10, 1, 57);
INSERT INTO Bartender(Beer_Expert, Wage, Wine_Specialist, Experience, Mixologist, Person_ID) VALUES (0, 64.43, 0, 15, 1, 58);
INSERT INTO Bartender(Beer_Expert, Wage, Wine_Specialist, Experience, Mixologist, Person_ID) VALUES (1, 53.22, 1, 20, 0, 59);
INSERT INTO Bartender(Beer_Expert, Wage, Wine_Specialist, Experience, Mixologist, Person_ID) VALUES (1, 73.07, 1, 12, 1, 60);
INSERT INTO Bartender(Beer_Expert, Wage, Wine_Specialist, Experience, Mixologist, Person_ID) VALUES (0, 68.03, 0, 11, 0, 61);
INSERT INTO Bartender(Beer_Expert, Wage, Wine_Specialist, Experience, Mixologist, Person_ID) VALUES (1, 36.13, 1, 8, 0, 62);
INSERT INTO Bartender(Beer_Expert, Wage, Wine_Specialist, Experience, Mixologist, Person_ID) VALUES (0, 32.53, 1, 20, 1, 63);
INSERT INTO Bartender(Beer_Expert, Wage, Wine_Specialist, Experience, Mixologist, Person_ID) VALUES (0, 78.13, 0, 11, 1, 64);
INSERT INTO Bartender(Beer_Expert, Wage, Wine_Specialist, Experience, Mixologist, Person_ID) VALUES (0, 68.16, 1, 17, 1, 65);
INSERT INTO Bartender(Beer_Expert, Wage, Wine_Specialist, Experience, Mixologist, Person_ID) VALUES (1, 73.95, 1, 1, 0, 66);
INSERT INTO Bartender(Beer_Expert, Wage, Wine_Specialist, Experience, Mixologist, Person_ID) VALUES (1, 55.27, 0, 7, 1, 67);
INSERT INTO Bartender(Beer_Expert, Wage, Wine_Specialist, Experience, Mixologist, Person_ID) VALUES (0, 32.53, 1, 20, 1, 68);
INSERT INTO Bartender(Beer_Expert, Wage, Wine_Specialist, Experience, Mixologist, Person_ID) VALUES (1, 56.83, 0, 14, 0, 69);
INSERT INTO Bartender(Beer_Expert, Wage, Wine_Specialist, Experience, Mixologist, Person_ID) VALUES (1, 66.38, 1, 12, 0, 70);
INSERT INTO Bartender(Beer_Expert, Wage, Wine_Specialist, Experience, Mixologist, Person_ID) VALUES (1, 32.56, 0, 12, 1, 71);
INSERT INTO Bartender(Beer_Expert, Wage, Wine_Specialist, Experience, Mixologist, Person_ID) VALUES (0, 49.32, 1, 18, 1, 72);
INSERT INTO Bartender(Beer_Expert, Wage, Wine_Specialist, Experience, Mixologist, Person_ID) VALUES (0, 36.43, 0, 13, 1, 73);
INSERT INTO Bartender(Beer_Expert, Wage, Wine_Specialist, Experience, Mixologist, Person_ID) VALUES (1, 57.89, 1, 5, 0, 74);
INSERT INTO Bartender(Beer_Expert, Wage, Wine_Specialist, Experience, Mixologist, Person_ID) VALUES (1, 55.0, 0, 2, 0, 75);
INSERT INTO Bartender(Beer_Expert, Wage, Wine_Specialist, Experience, Mixologist, Person_ID) VALUES (1, 70.2, 1, 5, 0, 76);
INSERT INTO Bartender(Beer_Expert, Wage, Wine_Specialist, Experience, Mixologist, Person_ID) VALUES (1, 76.57, 1, 6, 1, 77);
INSERT INTO Bartender(Beer_Expert, Wage, Wine_Specialist, Experience, Mixologist, Person_ID) VALUES (1, 59.69, 1, 19, 1, 78);
INSERT INTO Bartender(Beer_Expert, Wage, Wine_Specialist, Experience, Mixologist, Person_ID) VALUES (1, 70.79, 1, 11, 0, 79);
INSERT INTO Bartender(Beer_Expert, Wage, Wine_Specialist, Experience, Mixologist, Person_ID) VALUES (1, 59.19, 0, 20, 1, 80);
INSERT INTO Bartender(Beer_Expert, Wage, Wine_Specialist, Experience, Mixologist, Person_ID) VALUES (1, 78.35, 0, 2, 1, 81);
INSERT INTO Bartender(Beer_Expert, Wage, Wine_Specialist, Experience, Mixologist, Person_ID) VALUES (0, 56.21, 1, 5, 0, 82);
INSERT INTO Bartender(Beer_Expert, Wage, Wine_Specialist, Experience, Mixologist, Person_ID) VALUES (0, 58.63, 0, 7, 0, 83);
INSERT INTO Bartender(Beer_Expert, Wage, Wine_Specialist, Experience, Mixologist, Person_ID) VALUES (1, 45.68, 0, 14, 0, 84);
INSERT INTO Bartender(Beer_Expert, Wage, Wine_Specialist, Experience, Mixologist, Person_ID) VALUES (1, 55.09, 1, 2, 0, 85);
INSERT INTO Bartender(Beer_Expert, Wage, Wine_Specialist, Experience, Mixologist, Person_ID) VALUES (0, 58.04, 1, 17, 1, 86);
INSERT INTO Bartender(Beer_Expert, Wage, Wine_Specialist, Experience, Mixologist, Person_ID) VALUES (1, 77.83, 1, 18, 1, 87);
INSERT INTO Bartender(Beer_Expert, Wage, Wine_Specialist, Experience, Mixologist, Person_ID) VALUES (1, 63.79, 1, 20, 1, 88);
INSERT INTO Bartender(Beer_Expert, Wage, Wine_Specialist, Experience, Mixologist, Person_ID) VALUES (0, 77.87, 1, 18, 1, 89);
INSERT INTO Bartender(Beer_Expert, Wage, Wine_Specialist, Experience, Mixologist, Person_ID) VALUES (0, 77.07, 1, 10, 0, 90);
INSERT INTO Bartender(Beer_Expert, Wage, Wine_Specialist, Experience, Mixologist, Person_ID) VALUES (1, 45.85, 1, 18, 1, 91);
INSERT INTO Bartender(Beer_Expert, Wage, Wine_Specialist, Experience, Mixologist, Person_ID) VALUES (1, 36.09, 1, 13, 1, 92);
INSERT INTO Bartender(Beer_Expert, Wage, Wine_Specialist, Experience, Mixologist, Person_ID) VALUES (0, 44.52, 1, 3, 1, 93);
INSERT INTO Bartender(Beer_Expert, Wage, Wine_Specialist, Experience, Mixologist, Person_ID) VALUES (1, 62.8, 1, 7, 0, 94);
INSERT INTO Bartender(Beer_Expert, Wage, Wine_Specialist, Experience, Mixologist, Person_ID) VALUES (1, 76.65, 1, 5, 0, 95);
INSERT INTO Bartender(Beer_Expert, Wage, Wine_Specialist, Experience, Mixologist, Person_ID) VALUES (0, 42.12, 0, 8, 0, 96);
INSERT INTO Bartender(Beer_Expert, Wage, Wine_Specialist, Experience, Mixologist, Person_ID) VALUES (0, 50.67, 1, 4, 0, 97);
INSERT INTO Bartender(Beer_Expert, Wage, Wine_Specialist, Experience, Mixologist, Person_ID) VALUES (0, 78.23, 0, 14, 1, 98);
INSERT INTO Bartender(Beer_Expert, Wage, Wine_Specialist, Experience, Mixologist, Person_ID) VALUES (1, 62.53, 1, 11, 1, 99);
INSERT INTO Bartender(Beer_Expert, Wage, Wine_Specialist, Experience, Mixologist, Person_ID) VALUES (0, 75.4, 0, 19, 0, 100);
INSERT INTO Bartender(Beer_Expert, Wage, Wine_Specialist, Experience, Mixologist, Person_ID) VALUES (0, 75.66, 0, 14, 0, 101);
INSERT INTO Bartender(Beer_Expert, Wage, Wine_Specialist, Experience, Mixologist, Person_ID) VALUES (0, 79.86, 1, 16, 0, 102);
INSERT INTO Bartender(Beer_Expert, Wage, Wine_Specialist, Experience, Mixologist, Person_ID) VALUES (1, 73.84, 0, 10, 0, 103);
INSERT INTO Bartender(Beer_Expert, Wage, Wine_Specialist, Experience, Mixologist, Person_ID) VALUES (1, 44.23, 1, 5, 1, 104);
INSERT INTO Bartender(Beer_Expert, Wage, Wine_Specialist, Experience, Mixologist, Person_ID) VALUES (1, 39.64, 0, 11, 0, 105);
INSERT INTO Bartender(Beer_Expert, Wage, Wine_Specialist, Experience, Mixologist, Person_ID) VALUES (1, 62.41, 0, 1, 1, 106);
INSERT INTO Bartender(Beer_Expert, Wage, Wine_Specialist, Experience, Mixologist, Person_ID) VALUES (1, 58.39, 0, 6, 1, 107);
INSERT INTO Bartender(Beer_Expert, Wage, Wine_Specialist, Experience, Mixologist, Person_ID) VALUES (1, 55.76, 0, 13, 0, 108);
INSERT INTO Bartender(Beer_Expert, Wage, Wine_Specialist, Experience, Mixologist, Person_ID) VALUES (0, 79.08, 1, 11, 0, 109);
INSERT INTO Bartender(Beer_Expert, Wage, Wine_Specialist, Experience, Mixologist, Person_ID) VALUES (0, 43.04, 0, 15, 1, 110);
INSERT INTO Bartender(Beer_Expert, Wage, Wine_Specialist, Experience, Mixologist, Person_ID) VALUES (1, 45.1, 0, 9, 1, 111);
INSERT INTO Bartender(Beer_Expert, Wage, Wine_Specialist, Experience, Mixologist, Person_ID) VALUES (0, 33.11, 0, 15, 1, 112);
INSERT INTO Bartender(Beer_Expert, Wage, Wine_Specialist, Experience, Mixologist, Person_ID) VALUES (0, 50.27, 1, 4, 1, 113);
INSERT INTO Bartender(Beer_Expert, Wage, Wine_Specialist, Experience, Mixologist, Person_ID) VALUES (1, 60.73, 0, 5, 1, 114);
INSERT INTO Bartender(Beer_Expert, Wage, Wine_Specialist, Experience, Mixologist, Person_ID) VALUES (0, 52.75, 1, 14, 1, 115);
INSERT INTO Bartender(Beer_Expert, Wage, Wine_Specialist, Experience, Mixologist, Person_ID) VALUES (0, 68.09, 0, 17, 1, 116);
INSERT INTO Bartender(Beer_Expert, Wage, Wine_Specialist, Experience, Mixologist, Person_ID) VALUES (1, 33.91, 0, 2, 0, 117);
INSERT INTO Bartender(Beer_Expert, Wage, Wine_Specialist, Experience, Mixologist, Person_ID) VALUES (0, 38.23, 1, 4, 0, 118);
INSERT INTO Bartender(Beer_Expert, Wage, Wine_Specialist, Experience, Mixologist, Person_ID) VALUES (1, 34.55, 1, 2, 1, 119);
INSERT INTO Bartender(Beer_Expert, Wage, Wine_Specialist, Experience, Mixologist, Person_ID) VALUES (0, 55.66, 1, 19, 0, 120);
INSERT INTO Bartender(Beer_Expert, Wage, Wine_Specialist, Experience, Mixologist, Person_ID) VALUES (1, 63.64, 1, 1, 1, 121);
INSERT INTO Bartender(Beer_Expert, Wage, Wine_Specialist, Experience, Mixologist, Person_ID) VALUES (1, 70.82, 0, 19, 0, 122);
INSERT INTO Bartender(Beer_Expert, Wage, Wine_Specialist, Experience, Mixologist, Person_ID) VALUES (0, 51.18, 0, 18, 0, 123);
INSERT INTO Bartender(Beer_Expert, Wage, Wine_Specialist, Experience, Mixologist, Person_ID) VALUES (0, 79.31, 1, 2, 1, 124);
INSERT INTO Bartender(Beer_Expert, Wage, Wine_Specialist, Experience, Mixologist, Person_ID) VALUES (1, 39.0, 0, 14, 1, 125);
INSERT INTO Bartender(Beer_Expert, Wage, Wine_Specialist, Experience, Mixologist, Person_ID) VALUES (1, 52.43, 1, 13, 0, 126);
INSERT INTO Bartender(Beer_Expert, Wage, Wine_Specialist, Experience, Mixologist, Person_ID) VALUES (0, 62.68, 1, 4, 0, 127);
INSERT INTO Bartender(Beer_Expert, Wage, Wine_Specialist, Experience, Mixologist, Person_ID) VALUES (1, 56.44, 0, 1, 0, 128);
INSERT INTO Bartender(Beer_Expert, Wage, Wine_Specialist, Experience, Mixologist, Person_ID) VALUES (1, 53.15, 1, 18, 1, 129);
INSERT INTO Bartender(Beer_Expert, Wage, Wine_Specialist, Experience, Mixologist, Person_ID) VALUES (0, 42.38, 1, 5, 1, 130);
INSERT INTO Bartender(Beer_Expert, Wage, Wine_Specialist, Experience, Mixologist, Person_ID) VALUES (0, 76.87, 0, 2, 1, 131);
INSERT INTO Bartender(Beer_Expert, Wage, Wine_Specialist, Experience, Mixologist, Person_ID) VALUES (0, 42.03, 0, 4, 0, 132);
INSERT INTO Bartender(Beer_Expert, Wage, Wine_Specialist, Experience, Mixologist, Person_ID) VALUES (1, 59.89, 0, 8, 0, 133);
INSERT INTO Bartender(Beer_Expert, Wage, Wine_Specialist, Experience, Mixologist, Person_ID) VALUES (1, 51.95, 0, 2, 0, 134);
INSERT INTO Bartender(Beer_Expert, Wage, Wine_Specialist, Experience, Mixologist, Person_ID) VALUES (1, 41.71, 1, 19, 1, 135);
INSERT INTO Bartender(Beer_Expert, Wage, Wine_Specialist, Experience, Mixologist, Person_ID) VALUES (0, 45.09, 0, 17, 0, 136);
INSERT INTO Bartender(Beer_Expert, Wage, Wine_Specialist, Experience, Mixologist, Person_ID) VALUES (1, 45.03, 0, 18, 0, 137);
INSERT INTO Bartender(Beer_Expert, Wage, Wine_Specialist, Experience, Mixologist, Person_ID) VALUES (1, 57.79, 0, 12, 1, 138);
INSERT INTO Bartender(Beer_Expert, Wage, Wine_Specialist, Experience, Mixologist, Person_ID) VALUES (1, 64.82, 1, 5, 1, 139);
INSERT INTO Bartender(Beer_Expert, Wage, Wine_Specialist, Experience, Mixologist, Person_ID) VALUES (1, 39.19, 1, 8, 0, 140);
INSERT INTO Bartender(Beer_Expert, Wage, Wine_Specialist, Experience, Mixologist, Person_ID) VALUES (1, 72.88, 0, 15, 0, 141);
INSERT INTO Bartender(Beer_Expert, Wage, Wine_Specialist, Experience, Mixologist, Person_ID) VALUES (1, 78.39, 0, 13, 0, 142);
INSERT INTO Bartender(Beer_Expert, Wage, Wine_Specialist, Experience, Mixologist, Person_ID) VALUES (1, 40.17, 0, 15, 1, 143);
INSERT INTO Bartender(Beer_Expert, Wage, Wine_Specialist, Experience, Mixologist, Person_ID) VALUES (0, 56.78, 0, 2, 1, 144);
INSERT INTO Bartender(Beer_Expert, Wage, Wine_Specialist, Experience, Mixologist, Person_ID) VALUES (1, 63.68, 0, 3, 0, 145);
INSERT INTO Bartender(Beer_Expert, Wage, Wine_Specialist, Experience, Mixologist, Person_ID) VALUES (0, 53.97, 1, 10, 0, 146);
INSERT INTO Bartender(Beer_Expert, Wage, Wine_Specialist, Experience, Mixologist, Person_ID) VALUES (0, 76.86, 0, 16, 0, 147);
INSERT INTO Bartender(Beer_Expert, Wage, Wine_Specialist, Experience, Mixologist, Person_ID) VALUES (0, 49.83, 0, 18, 1, 148);
INSERT INTO Bartender(Beer_Expert, Wage, Wine_Specialist, Experience, Mixologist, Person_ID) VALUES (1, 49.03, 1, 10, 1, 149);
INSERT INTO Bartender(Beer_Expert, Wage, Wine_Specialist, Experience, Mixologist, Person_ID) VALUES (1, 55.64, 1, 15, 0, 150);
INSERT INTO Supplier(Kosher_type, Frequency, Person_ID) VALUES ('Strict-Kosher', 16, 1);
INSERT INTO Supplier(Kosher_type, Frequency, Person_ID) VALUES ('Non-Kosher', 30, 2);
INSERT INTO Supplier(Kosher_type, Frequency, Person_ID) VALUES ('Kosher', 12, 3);
INSERT INTO Supplier(Kosher_type, Frequency, Person_ID) VALUES ('Non-Kosher', 14, 4);
INSERT INTO Supplier(Kosher_type, Frequency, Person_ID) VALUES ('Kosher', 19, 5);
INSERT INTO Supplier(Kosher_type, Frequency, Person_ID) VALUES ('Kosher', 24, 6);
INSERT INTO Supplier(Kosher_type, Frequency, Person_ID) VALUES ('Kosher', 1, 7);
INSERT INTO Supplier(Kosher_type, Frequency, Person_ID) VALUES ('Non-Kosher', 18, 8);
INSERT INTO Supplier(Kosher_type, Frequency, Person_ID) VALUES ('Strict-Kosher', 19, 9);
INSERT INTO Supplier(Kosher_type, Frequency, Person_ID) VALUES ('Strict-Kosher', 14, 10);
INSERT INTO Supplier(Kosher_type, Frequency, Person_ID) VALUES ('Non-Kosher', 5, 11);
INSERT INTO Supplier(Kosher_type, Frequency, Person_ID) VALUES ('Kosher', 11, 12);
INSERT INTO Supplier(Kosher_type, Frequency, Person_ID) VALUES ('Kosher', 13, 13);
INSERT INTO Supplier(Kosher_type, Frequency, Person_ID) VALUES ('Strict-Kosher', 27, 14);
INSERT INTO Supplier(Kosher_type, Frequency, Person_ID) VALUES ('Kosher', 16, 15);
INSERT INTO Supplier(Kosher_type, Frequency, Person_ID) VALUES ('Strict-Kosher', 21, 16);
INSERT INTO Supplier(Kosher_type, Frequency, Person_ID) VALUES ('Strict-Kosher', 11, 17);
INSERT INTO Supplier(Kosher_type, Frequency, Person_ID) VALUES ('Non-Kosher', 25, 18);
INSERT INTO Supplier(Kosher_type, Frequency, Person_ID) VALUES ('Non-Kosher', 24, 19);
INSERT INTO Supplier(Kosher_type, Frequency, Person_ID) VALUES ('Strict-Kosher', 24, 20);
INSERT INTO Supplier(Kosher_type, Frequency, Person_ID) VALUES ('Non-Kosher', 15, 21);
INSERT INTO Supplier(Kosher_type, Frequency, Person_ID) VALUES ('Kosher', 24, 22);
INSERT INTO Supplier(Kosher_type, Frequency, Person_ID) VALUES ('Non-Kosher', 6, 23);
INSERT INTO Supplier(Kosher_type, Frequency, Person_ID) VALUES ('Kosher', 24, 24);
INSERT INTO Supplier(Kosher_type, Frequency, Person_ID) VALUES ('Strict-Kosher', 16, 25);
INSERT INTO Supplier(Kosher_type, Frequency, Person_ID) VALUES ('Kosher', 30, 26);
INSERT INTO Supplier(Kosher_type, Frequency, Person_ID) VALUES ('Strict-Kosher', 21, 27);
INSERT INTO Supplier(Kosher_type, Frequency, Person_ID) VALUES ('Kosher', 17, 28);
INSERT INTO Supplier(Kosher_type, Frequency, Person_ID) VALUES ('Kosher', 27, 29);
INSERT INTO Supplier(Kosher_type, Frequency, Person_ID) VALUES ('Kosher', 27, 30);
INSERT INTO Supplier(Kosher_type, Frequency, Person_ID) VALUES ('Strict-Kosher', 2, 31);
INSERT INTO Supplier(Kosher_type, Frequency, Person_ID) VALUES ('Kosher', 14, 32);
INSERT INTO Supplier(Kosher_type, Frequency, Person_ID) VALUES ('Kosher', 27, 33);
INSERT INTO Supplier(Kosher_type, Frequency, Person_ID) VALUES ('Strict-Kosher', 8, 34);
INSERT INTO Supplier(Kosher_type, Frequency, Person_ID) VALUES ('Kosher', 23, 35);
INSERT INTO Supplier(Kosher_type, Frequency, Person_ID) VALUES ('Kosher', 1, 36);
INSERT INTO Supplier(Kosher_type, Frequency, Person_ID) VALUES ('Kosher', 17, 37);
INSERT INTO Supplier(Kosher_type, Frequency, Person_ID) VALUES ('Non-Kosher', 12, 38);
INSERT INTO Supplier(Kosher_type, Frequency, Person_ID) VALUES ('Kosher', 20, 39);
INSERT INTO Supplier(Kosher_type, Frequency, Person_ID) VALUES ('Strict-Kosher', 22, 40);
INSERT INTO Supplier(Kosher_type, Frequency, Person_ID) VALUES ('Strict-Kosher', 30, 41);
INSERT INTO Supplier(Kosher_type, Frequency, Person_ID) VALUES ('Non-Kosher', 22, 42);
INSERT INTO Supplier(Kosher_type, Frequency, Person_ID) VALUES ('Non-Kosher', 1, 43);
INSERT INTO Supplier(Kosher_type, Frequency, Person_ID) VALUES ('Kosher', 18, 44);
INSERT INTO Supplier(Kosher_type, Frequency, Person_ID) VALUES ('Strict-Kosher', 14, 45);
INSERT INTO Supplier(Kosher_type, Frequency, Person_ID) VALUES ('Kosher', 1, 46);
INSERT INTO Supplier(Kosher_type, Frequency, Person_ID) VALUES ('Strict-Kosher', 24, 47);
INSERT INTO Supplier(Kosher_type, Frequency, Person_ID) VALUES ('Non-Kosher', 18, 48);
INSERT INTO Supplier(Kosher_type, Frequency, Person_ID) VALUES ('Non-Kosher', 1, 49);
INSERT INTO Supplier(Kosher_type, Frequency, Person_ID) VALUES ('Strict-Kosher', 27, 50);
INSERT INTO Supplier(Kosher_type, Frequency, Person_ID) VALUES ('Strict-Kosher', 22, 51);
INSERT INTO Supplier(Kosher_type, Frequency, Person_ID) VALUES ('Non-Kosher', 26, 52);
INSERT INTO Supplier(Kosher_type, Frequency, Person_ID) VALUES ('Kosher', 4, 53);
INSERT INTO Supplier(Kosher_type, Frequency, Person_ID) VALUES ('Kosher', 17, 54);
INSERT INTO Supplier(Kosher_type, Frequency, Person_ID) VALUES ('Kosher', 8, 55);
INSERT INTO Supplier(Kosher_type, Frequency, Person_ID) VALUES ('Kosher', 20, 56);
INSERT INTO Supplier(Kosher_type, Frequency, Person_ID) VALUES ('Strict-Kosher', 9, 57);
INSERT INTO Supplier(Kosher_type, Frequency, Person_ID) VALUES ('Non-Kosher', 9, 58);
INSERT INTO Supplier(Kosher_type, Frequency, Person_ID) VALUES ('Non-Kosher', 3, 59);
INSERT INTO Supplier(Kosher_type, Frequency, Person_ID) VALUES ('Non-Kosher', 13, 60);
INSERT INTO Supplier(Kosher_type, Frequency, Person_ID) VALUES ('Non-Kosher', 19, 61);
INSERT INTO Supplier(Kosher_type, Frequency, Person_ID) VALUES ('Kosher', 23, 62);
INSERT INTO Supplier(Kosher_type, Frequency, Person_ID) VALUES ('Kosher', 10, 63);
INSERT INTO Supplier(Kosher_type, Frequency, Person_ID) VALUES ('Strict-Kosher', 27, 64);
INSERT INTO Supplier(Kosher_type, Frequency, Person_ID) VALUES ('Kosher', 21, 65);
INSERT INTO Supplier(Kosher_type, Frequency, Person_ID) VALUES ('Strict-Kosher', 25, 66);
INSERT INTO Supplier(Kosher_type, Frequency, Person_ID) VALUES ('Kosher', 3, 67);
INSERT INTO Supplier(Kosher_type, Frequency, Person_ID) VALUES ('Non-Kosher', 13, 68);
INSERT INTO Supplier(Kosher_type, Frequency, Person_ID) VALUES ('Non-Kosher', 18, 69);
INSERT INTO Supplier(Kosher_type, Frequency, Person_ID) VALUES ('Non-Kosher', 2, 70);
INSERT INTO Supplier(Kosher_type, Frequency, Person_ID) VALUES ('Strict-Kosher', 1, 71);
INSERT INTO Supplier(Kosher_type, Frequency, Person_ID) VALUES ('Strict-Kosher', 6, 72);
INSERT INTO Supplier(Kosher_type, Frequency, Person_ID) VALUES ('Kosher', 16, 73);
INSERT INTO Supplier(Kosher_type, Frequency, Person_ID) VALUES ('Non-Kosher', 21, 74);
INSERT INTO Supplier(Kosher_type, Frequency, Person_ID) VALUES ('Non-Kosher', 19, 75);
INSERT INTO Supplier(Kosher_type, Frequency, Person_ID) VALUES ('Kosher', 29, 76);
INSERT INTO Supplier(Kosher_type, Frequency, Person_ID) VALUES ('Strict-Kosher', 30, 77);
INSERT INTO Supplier(Kosher_type, Frequency, Person_ID) VALUES ('Kosher', 8, 78);
INSERT INTO Supplier(Kosher_type, Frequency, Person_ID) VALUES ('Kosher', 29, 79);
INSERT INTO Supplier(Kosher_type, Frequency, Person_ID) VALUES ('Strict-Kosher', 29, 80);
INSERT INTO Supplier(Kosher_type, Frequency, Person_ID) VALUES ('Strict-Kosher', 16, 81);
INSERT INTO Supplier(Kosher_type, Frequency, Person_ID) VALUES ('Non-Kosher', 2, 82);
INSERT INTO Supplier(Kosher_type, Frequency, Person_ID) VALUES ('Kosher', 22, 83);
INSERT INTO Supplier(Kosher_type, Frequency, Person_ID) VALUES ('Non-Kosher', 29, 84);
INSERT INTO Supplier(Kosher_type, Frequency, Person_ID) VALUES ('Strict-Kosher', 19, 85);
INSERT INTO Supplier(Kosher_type, Frequency, Person_ID) VALUES ('Strict-Kosher', 2, 86);
INSERT INTO Supplier(Kosher_type, Frequency, Person_ID) VALUES ('Kosher', 30, 87);
INSERT INTO Supplier(Kosher_type, Frequency, Person_ID) VALUES ('Non-Kosher', 1, 88);
INSERT INTO Supplier(Kosher_type, Frequency, Person_ID) VALUES ('Kosher', 19, 89);
INSERT INTO Supplier(Kosher_type, Frequency, Person_ID) VALUES ('Kosher', 25, 90);
INSERT INTO Supplier(Kosher_type, Frequency, Person_ID) VALUES ('Strict-Kosher', 27, 91);
INSERT INTO Supplier(Kosher_type, Frequency, Person_ID) VALUES ('Non-Kosher', 30, 92);
INSERT INTO Supplier(Kosher_type, Frequency, Person_ID) VALUES ('Kosher', 10, 93);
INSERT INTO Supplier(Kosher_type, Frequency, Person_ID) VALUES ('Kosher', 19, 94);
INSERT INTO Supplier(Kosher_type, Frequency, Person_ID) VALUES ('Kosher', 19, 95);
INSERT INTO Supplier(Kosher_type, Frequency, Person_ID) VALUES ('Non-Kosher', 22, 96);
INSERT INTO Supplier(Kosher_type, Frequency, Person_ID) VALUES ('Strict-Kosher', 11, 97);
INSERT INTO Supplier(Kosher_type, Frequency, Person_ID) VALUES ('Non-Kosher', 25, 98);
INSERT INTO Supplier(Kosher_type, Frequency, Person_ID) VALUES ('Strict-Kosher', 5, 99);
INSERT INTO Supplier(Kosher_type, Frequency, Person_ID) VALUES ('Strict-Kosher', 24, 100);
INSERT INTO Supplier(Kosher_type, Frequency, Person_ID) VALUES ('Kosher', 17, 101);
INSERT INTO Supplier(Kosher_type, Frequency, Person_ID) VALUES ('Strict-Kosher', 12, 102);
INSERT INTO Supplier(Kosher_type, Frequency, Person_ID) VALUES ('Kosher', 4, 103);
INSERT INTO Supplier(Kosher_type, Frequency, Person_ID) VALUES ('Non-Kosher', 8, 104);
INSERT INTO Supplier(Kosher_type, Frequency, Person_ID) VALUES ('Kosher', 11, 105);
INSERT INTO Supplier(Kosher_type, Frequency, Person_ID) VALUES ('Strict-Kosher', 25, 106);
INSERT INTO Supplier(Kosher_type, Frequency, Person_ID) VALUES ('Strict-Kosher', 20, 107);
INSERT INTO Supplier(Kosher_type, Frequency, Person_ID) VALUES ('Non-Kosher', 25, 108);
INSERT INTO Supplier(Kosher_type, Frequency, Person_ID) VALUES ('Non-Kosher', 1, 109);
INSERT INTO Supplier(Kosher_type, Frequency, Person_ID) VALUES ('Strict-Kosher', 9, 110);
INSERT INTO Supplier(Kosher_type, Frequency, Person_ID) VALUES ('Non-Kosher', 16, 111);
INSERT INTO Supplier(Kosher_type, Frequency, Person_ID) VALUES ('Kosher', 12, 112);
INSERT INTO Supplier(Kosher_type, Frequency, Person_ID) VALUES ('Strict-Kosher', 13, 113);
INSERT INTO Supplier(Kosher_type, Frequency, Person_ID) VALUES ('Non-Kosher', 6, 114);
INSERT INTO Supplier(Kosher_type, Frequency, Person_ID) VALUES ('Strict-Kosher', 19, 115);
INSERT INTO Supplier(Kosher_type, Frequency, Person_ID) VALUES ('Strict-Kosher', 13, 116);
INSERT INTO Supplier(Kosher_type, Frequency, Person_ID) VALUES ('Kosher', 25, 117);
INSERT INTO Supplier(Kosher_type, Frequency, Person_ID) VALUES ('Strict-Kosher', 10, 118);
INSERT INTO Supplier(Kosher_type, Frequency, Person_ID) VALUES ('Kosher', 23, 119);
INSERT INTO Supplier(Kosher_type, Frequency, Person_ID) VALUES ('Kosher', 3, 120);
INSERT INTO Supplier(Kosher_type, Frequency, Person_ID) VALUES ('Non-Kosher', 5, 121);
INSERT INTO Supplier(Kosher_type, Frequency, Person_ID) VALUES ('Non-Kosher', 23, 122);
INSERT INTO Supplier(Kosher_type, Frequency, Person_ID) VALUES ('Strict-Kosher', 5, 123);
INSERT INTO Supplier(Kosher_type, Frequency, Person_ID) VALUES ('Strict-Kosher', 13, 124);
INSERT INTO Supplier(Kosher_type, Frequency, Person_ID) VALUES ('Non-Kosher', 12, 125);
INSERT INTO Supplier(Kosher_type, Frequency, Person_ID) VALUES ('Kosher', 3, 126);
INSERT INTO Supplier(Kosher_type, Frequency, Person_ID) VALUES ('Kosher', 10, 127);
INSERT INTO Supplier(Kosher_type, Frequency, Person_ID) VALUES ('Non-Kosher', 12, 128);
INSERT INTO Supplier(Kosher_type, Frequency, Person_ID) VALUES ('Non-Kosher', 4, 129);
INSERT INTO Supplier(Kosher_type, Frequency, Person_ID) VALUES ('Kosher', 3, 130);
INSERT INTO Supplier(Kosher_type, Frequency, Person_ID) VALUES ('Kosher', 14, 131);
INSERT INTO Supplier(Kosher_type, Frequency, Person_ID) VALUES ('Non-Kosher', 18, 132);
INSERT INTO Supplier(Kosher_type, Frequency, Person_ID) VALUES ('Strict-Kosher', 17, 133);
INSERT INTO Supplier(Kosher_type, Frequency, Person_ID) VALUES ('Non-Kosher', 4, 134);
INSERT INTO Supplier(Kosher_type, Frequency, Person_ID) VALUES ('Kosher', 3, 135);
INSERT INTO Supplier(Kosher_type, Frequency, Person_ID) VALUES ('Non-Kosher', 18, 136);
INSERT INTO Supplier(Kosher_type, Frequency, Person_ID) VALUES ('Kosher', 20, 137);
INSERT INTO Supplier(Kosher_type, Frequency, Person_ID) VALUES ('Strict-Kosher', 26, 138);
INSERT INTO Supplier(Kosher_type, Frequency, Person_ID) VALUES ('Non-Kosher', 28, 139);
INSERT INTO Supplier(Kosher_type, Frequency, Person_ID) VALUES ('Non-Kosher', 1, 140);
INSERT INTO Supplier(Kosher_type, Frequency, Person_ID) VALUES ('Non-Kosher', 14, 141);
INSERT INTO Supplier(Kosher_type, Frequency, Person_ID) VALUES ('Non-Kosher', 25, 142);
INSERT INTO Supplier(Kosher_type, Frequency, Person_ID) VALUES ('Kosher', 24, 143);
INSERT INTO Supplier(Kosher_type, Frequency, Person_ID) VALUES ('Strict-Kosher', 29, 144);
INSERT INTO Supplier(Kosher_type, Frequency, Person_ID) VALUES ('Kosher', 19, 145);
INSERT INTO Supplier(Kosher_type, Frequency, Person_ID) VALUES ('Strict-Kosher', 6, 146);
INSERT INTO Supplier(Kosher_type, Frequency, Person_ID) VALUES ('Strict-Kosher', 13, 147);
INSERT INTO Supplier(Kosher_type, Frequency, Person_ID) VALUES ('Kosher', 5, 148);
INSERT INTO Supplier(Kosher_type, Frequency, Person_ID) VALUES ('Non-Kosher', 10, 149);
INSERT INTO Supplier(Kosher_type, Frequency, Person_ID) VALUES ('Non-Kosher', 16, 150);
INSERT INTO Bartender_Academic_Institution(Academic_Institution, Person_ID) VALUES ('Tel Aviv University', 1);
INSERT INTO Bartender_Academic_Institution(Academic_Institution, Person_ID) VALUES ('Bar-Ilan', 2);
INSERT INTO Bartender_Academic_Institution(Academic_Institution, Person_ID) VALUES ('Tel Aviv University', 3);
INSERT INTO Bartender_Academic_Institution(Academic_Institution, Person_ID) VALUES ('Ben Gurion', 4);
INSERT INTO Bartender_Academic_Institution(Academic_Institution, Person_ID) VALUES ('Technion', 5);
INSERT INTO Bartender_Academic_Institution(Academic_Institution, Person_ID) VALUES ('Ben Gurion', 6);
INSERT INTO Bartender_Academic_Institution(Academic_Institution, Person_ID) VALUES ('Technion', 7);
INSERT INTO Bartender_Academic_Institution(Academic_Institution, Person_ID) VALUES ('Ben Gurion', 8);
INSERT INTO Bartender_Academic_Institution(Academic_Institution, Person_ID) VALUES ('Bar-Ilan', 9);
INSERT INTO Bartender_Academic_Institution(Academic_Institution, Person_ID) VALUES ('Technion', 10);
INSERT INTO Bartender_Academic_Institution(Academic_Institution, Person_ID) VALUES ('Technion', 11);
INSERT INTO Bartender_Academic_Institution(Academic_Institution, Person_ID) VALUES ('Tel Aviv University', 12);
INSERT INTO Bartender_Academic_Institution(Academic_Institution, Person_ID) VALUES ('Ben Gurion', 13);
INSERT INTO Bartender_Academic_Institution(Academic_Institution, Person_ID) VALUES ('Hebrew University', 14);
INSERT INTO Bartender_Academic_Institution(Academic_Institution, Person_ID) VALUES ('Hebrew University', 15);
INSERT INTO Bartender_Academic_Institution(Academic_Institution, Person_ID) VALUES ('Tel Aviv University', 16);
INSERT INTO Bartender_Academic_Institution(Academic_Institution, Person_ID) VALUES ('Ben Gurion', 17);
INSERT INTO Bartender_Academic_Institution(Academic_Institution, Person_ID) VALUES ('Bar-Ilan', 18);
INSERT INTO Bartender_Academic_Institution(Academic_Institution, Person_ID) VALUES ('Tel Aviv University', 19);
INSERT INTO Bartender_Academic_Institution(Academic_Institution, Person_ID) VALUES ('Technion', 20);
INSERT INTO Bartender_Academic_Institution(Academic_Institution, Person_ID) VALUES ('Bar-Ilan', 21);
INSERT INTO Bartender_Academic_Institution(Academic_Institution, Person_ID) VALUES ('Ben Gurion', 22);
INSERT INTO Bartender_Academic_Institution(Academic_Institution, Person_ID) VALUES ('Technion', 23);
INSERT INTO Bartender_Academic_Institution(Academic_Institution, Person_ID) VALUES ('Hebrew University', 24);
INSERT INTO Bartender_Academic_Institution(Academic_Institution, Person_ID) VALUES ('Ben Gurion', 25);
INSERT INTO Bartender_Academic_Institution(Academic_Institution, Person_ID) VALUES ('Technion', 26);
INSERT INTO Bartender_Academic_Institution(Academic_Institution, Person_ID) VALUES ('Ben Gurion', 27);
INSERT INTO Bartender_Academic_Institution(Academic_Institution, Person_ID) VALUES ('Technion', 28);
INSERT INTO Bartender_Academic_Institution(Academic_Institution, Person_ID) VALUES ('Ben Gurion', 29);
INSERT INTO Bartender_Academic_Institution(Academic_Institution, Person_ID) VALUES ('Hebrew University', 30);
INSERT INTO Bartender_Academic_Institution(Academic_Institution, Person_ID) VALUES ('Tel Aviv University', 31);
INSERT INTO Bartender_Academic_Institution(Academic_Institution, Person_ID) VALUES ('Technion', 32);
INSERT INTO Bartender_Academic_Institution(Academic_Institution, Person_ID) VALUES ('Technion', 33);
INSERT INTO Bartender_Academic_Institution(Academic_Institution, Person_ID) VALUES ('Hebrew University', 34);
INSERT INTO Bartender_Academic_Institution(Academic_Institution, Person_ID) VALUES ('Tel Aviv University', 35);
INSERT INTO Bartender_Academic_Institution(Academic_Institution, Person_ID) VALUES ('Ben Gurion', 36);
INSERT INTO Bartender_Academic_Institution(Academic_Institution, Person_ID) VALUES ('Technion', 37);
INSERT INTO Bartender_Academic_Institution(Academic_Institution, Person_ID) VALUES ('Tel Aviv University', 38);
INSERT INTO Bartender_Academic_Institution(Academic_Institution, Person_ID) VALUES ('Ben Gurion', 39);
INSERT INTO Bartender_Academic_Institution(Academic_Institution, Person_ID) VALUES ('Technion', 40);
INSERT INTO Bartender_Academic_Institution(Academic_Institution, Person_ID) VALUES ('Technion', 41);
INSERT INTO Bartender_Academic_Institution(Academic_Institution, Person_ID) VALUES ('Ben Gurion', 42);
INSERT INTO Bartender_Academic_Institution(Academic_Institution, Person_ID) VALUES ('Hebrew University', 43);
INSERT INTO Bartender_Academic_Institution(Academic_Institution, Person_ID) VALUES ('Tel Aviv University', 44);
INSERT INTO Bartender_Academic_Institution(Academic_Institution, Person_ID) VALUES ('Technion', 45);
INSERT INTO Bartender_Academic_Institution(Academic_Institution, Person_ID) VALUES ('Ben Gurion', 46);
INSERT INTO Bartender_Academic_Institution(Academic_Institution, Person_ID) VALUES ('Technion', 47);
INSERT INTO Bartender_Academic_Institution(Academic_Institution, Person_ID) VALUES ('Ben Gurion', 48);
INSERT INTO Bartender_Academic_Institution(Academic_Institution, Person_ID) VALUES ('Technion', 49);
INSERT INTO Bartender_Academic_Institution(Academic_Institution, Person_ID) VALUES ('Bar-Ilan', 50);
INSERT INTO Bartender_Academic_Institution(Academic_Institution, Person_ID) VALUES ('Hebrew University', 51);
INSERT INTO Bartender_Academic_Institution(Academic_Institution, Person_ID) VALUES ('Tel Aviv University', 52);
INSERT INTO Bartender_Academic_Institution(Academic_Institution, Person_ID) VALUES ('Hebrew University', 53);
INSERT INTO Bartender_Academic_Institution(Academic_Institution, Person_ID) VALUES ('Hebrew University', 54);
INSERT INTO Bartender_Academic_Institution(Academic_Institution, Person_ID) VALUES ('Tel Aviv University', 55);
INSERT INTO Bartender_Academic_Institution(Academic_Institution, Person_ID) VALUES ('Hebrew University', 56);
INSERT INTO Bartender_Academic_Institution(Academic_Institution, Person_ID) VALUES ('Bar-Ilan', 57);
INSERT INTO Bartender_Academic_Institution(Academic_Institution, Person_ID) VALUES ('Ben Gurion', 58);
INSERT INTO Bartender_Academic_Institution(Academic_Institution, Person_ID) VALUES ('Tel Aviv University', 59);
INSERT INTO Bartender_Academic_Institution(Academic_Institution, Person_ID) VALUES ('Ben Gurion', 60);
INSERT INTO Bartender_Academic_Institution(Academic_Institution, Person_ID) VALUES ('Technion', 61);
INSERT INTO Bartender_Academic_Institution(Academic_Institution, Person_ID) VALUES ('Bar-Ilan', 62);
INSERT INTO Bartender_Academic_Institution(Academic_Institution, Person_ID) VALUES ('Ben Gurion', 63);
INSERT INTO Bartender_Academic_Institution(Academic_Institution, Person_ID) VALUES ('Ben Gurion', 64);
INSERT INTO Bartender_Academic_Institution(Academic_Institution, Person_ID) VALUES ('Tel Aviv University', 65);
INSERT INTO Bartender_Academic_Institution(Academic_Institution, Person_ID) VALUES ('Technion', 66);
INSERT INTO Bartender_Academic_Institution(Academic_Institution, Person_ID) VALUES ('Tel Aviv University', 67);
INSERT INTO Bartender_Academic_Institution(Academic_Institution, Person_ID) VALUES ('Technion', 68);
INSERT INTO Bartender_Academic_Institution(Academic_Institution, Person_ID) VALUES ('Tel Aviv University', 69);
INSERT INTO Bartender_Academic_Institution(Academic_Institution, Person_ID) VALUES ('Ben Gurion', 70);
INSERT INTO Bartender_Academic_Institution(Academic_Institution, Person_ID) VALUES ('Ben Gurion', 71);
INSERT INTO Bartender_Academic_Institution(Academic_Institution, Person_ID) VALUES ('Bar-Ilan', 72);
INSERT INTO Bartender_Academic_Institution(Academic_Institution, Person_ID) VALUES ('Ben Gurion', 73);
INSERT INTO Bartender_Academic_Institution(Academic_Institution, Person_ID) VALUES ('Hebrew University', 74);
INSERT INTO Bartender_Academic_Institution(Academic_Institution, Person_ID) VALUES ('Ben Gurion', 75);
INSERT INTO Bartender_Academic_Institution(Academic_Institution, Person_ID) VALUES ('Hebrew University', 76);
INSERT INTO Bartender_Academic_Institution(Academic_Institution, Person_ID) VALUES ('Ben Gurion', 77);
INSERT INTO Bartender_Academic_Institution(Academic_Institution, Person_ID) VALUES ('Hebrew University', 78);
INSERT INTO Bartender_Academic_Institution(Academic_Institution, Person_ID) VALUES ('Hebrew University', 79);
INSERT INTO Bartender_Academic_Institution(Academic_Institution, Person_ID) VALUES ('Ben Gurion', 80);
INSERT INTO Bartender_Academic_Institution(Academic_Institution, Person_ID) VALUES ('Hebrew University', 81);
INSERT INTO Bartender_Academic_Institution(Academic_Institution, Person_ID) VALUES ('Bar-Ilan', 82);
INSERT INTO Bartender_Academic_Institution(Academic_Institution, Person_ID) VALUES ('Technion', 83);
INSERT INTO Bartender_Academic_Institution(Academic_Institution, Person_ID) VALUES ('Hebrew University', 84);
INSERT INTO Bartender_Academic_Institution(Academic_Institution, Person_ID) VALUES ('Hebrew University', 85);
INSERT INTO Bartender_Academic_Institution(Academic_Institution, Person_ID) VALUES ('Bar-Ilan', 86);
INSERT INTO Bartender_Academic_Institution(Academic_Institution, Person_ID) VALUES ('Bar-Ilan', 87);
INSERT INTO Bartender_Academic_Institution(Academic_Institution, Person_ID) VALUES ('Tel Aviv University', 88);
INSERT INTO Bartender_Academic_Institution(Academic_Institution, Person_ID) VALUES ('Technion', 89);
INSERT INTO Bartender_Academic_Institution(Academic_Institution, Person_ID) VALUES ('Tel Aviv University', 90);
INSERT INTO Bartender_Academic_Institution(Academic_Institution, Person_ID) VALUES ('Hebrew University', 91);
INSERT INTO Bartender_Academic_Institution(Academic_Institution, Person_ID) VALUES ('Bar-Ilan', 92);
INSERT INTO Bartender_Academic_Institution(Academic_Institution, Person_ID) VALUES ('Hebrew University', 93);
INSERT INTO Bartender_Academic_Institution(Academic_Institution, Person_ID) VALUES ('Ben Gurion', 94);
INSERT INTO Bartender_Academic_Institution(Academic_Institution, Person_ID) VALUES ('Technion', 95);
INSERT INTO Bartender_Academic_Institution(Academic_Institution, Person_ID) VALUES ('Ben Gurion', 96);
INSERT INTO Bartender_Academic_Institution(Academic_Institution, Person_ID) VALUES ('Bar-Ilan', 97);
INSERT INTO Bartender_Academic_Institution(Academic_Institution, Person_ID) VALUES ('Bar-Ilan', 98);
INSERT INTO Bartender_Academic_Institution(Academic_Institution, Person_ID) VALUES ('Bar-Ilan', 99);
INSERT INTO Bartender_Academic_Institution(Academic_Institution, Person_ID) VALUES ('Technion', 100);
INSERT INTO Bartender_Academic_Institution(Academic_Institution, Person_ID) VALUES ('Tel Aviv University', 101);
INSERT INTO Bartender_Academic_Institution(Academic_Institution, Person_ID) VALUES ('Hebrew University', 102);
INSERT INTO Bartender_Academic_Institution(Academic_Institution, Person_ID) VALUES ('Hebrew University', 103);
INSERT INTO Bartender_Academic_Institution(Academic_Institution, Person_ID) VALUES ('Hebrew University', 104);
INSERT INTO Bartender_Academic_Institution(Academic_Institution, Person_ID) VALUES ('Hebrew University', 105);
INSERT INTO Bartender_Academic_Institution(Academic_Institution, Person_ID) VALUES ('Hebrew University', 106);
INSERT INTO Bartender_Academic_Institution(Academic_Institution, Person_ID) VALUES ('Tel Aviv University', 107);
INSERT INTO Bartender_Academic_Institution(Academic_Institution, Person_ID) VALUES ('Ben Gurion', 108);
INSERT INTO Bartender_Academic_Institution(Academic_Institution, Person_ID) VALUES ('Technion', 109);
INSERT INTO Bartender_Academic_Institution(Academic_Institution, Person_ID) VALUES ('Ben Gurion', 110);
INSERT INTO Bartender_Academic_Institution(Academic_Institution, Person_ID) VALUES ('Ben Gurion', 111);
INSERT INTO Bartender_Academic_Institution(Academic_Institution, Person_ID) VALUES ('Hebrew University', 112);
INSERT INTO Bartender_Academic_Institution(Academic_Institution, Person_ID) VALUES ('Hebrew University', 113);
INSERT INTO Bartender_Academic_Institution(Academic_Institution, Person_ID) VALUES ('Tel Aviv University', 114);
INSERT INTO Bartender_Academic_Institution(Academic_Institution, Person_ID) VALUES ('Technion', 115);
INSERT INTO Bartender_Academic_Institution(Academic_Institution, Person_ID) VALUES ('Bar-Ilan', 116);
INSERT INTO Bartender_Academic_Institution(Academic_Institution, Person_ID) VALUES ('Ben Gurion', 117);
INSERT INTO Bartender_Academic_Institution(Academic_Institution, Person_ID) VALUES ('Bar-Ilan', 118);
INSERT INTO Bartender_Academic_Institution(Academic_Institution, Person_ID) VALUES ('Technion', 119);
INSERT INTO Bartender_Academic_Institution(Academic_Institution, Person_ID) VALUES ('Ben Gurion', 120);
INSERT INTO Bartender_Academic_Institution(Academic_Institution, Person_ID) VALUES ('Bar-Ilan', 121);
INSERT INTO Bartender_Academic_Institution(Academic_Institution, Person_ID) VALUES ('Bar-Ilan', 122);
INSERT INTO Bartender_Academic_Institution(Academic_Institution, Person_ID) VALUES ('Tel Aviv University', 123);
INSERT INTO Bartender_Academic_Institution(Academic_Institution, Person_ID) VALUES ('Technion', 124);
INSERT INTO Bartender_Academic_Institution(Academic_Institution, Person_ID) VALUES ('Technion', 125);
INSERT INTO Bartender_Academic_Institution(Academic_Institution, Person_ID) VALUES ('Technion', 126);
INSERT INTO Bartender_Academic_Institution(Academic_Institution, Person_ID) VALUES ('Ben Gurion', 127);
INSERT INTO Bartender_Academic_Institution(Academic_Institution, Person_ID) VALUES ('Tel Aviv University', 128);
INSERT INTO Bartender_Academic_Institution(Academic_Institution, Person_ID) VALUES ('Hebrew University', 129);
INSERT INTO Bartender_Academic_Institution(Academic_Institution, Person_ID) VALUES ('Ben Gurion', 130);
INSERT INTO Bartender_Academic_Institution(Academic_Institution, Person_ID) VALUES ('Technion', 131);
INSERT INTO Bartender_Academic_Institution(Academic_Institution, Person_ID) VALUES ('Ben Gurion', 132);
INSERT INTO Bartender_Academic_Institution(Academic_Institution, Person_ID) VALUES ('Bar-Ilan', 133);
INSERT INTO Bartender_Academic_Institution(Academic_Institution, Person_ID) VALUES ('Ben Gurion', 134);
INSERT INTO Bartender_Academic_Institution(Academic_Institution, Person_ID) VALUES ('Ben Gurion', 135);
INSERT INTO Bartender_Academic_Institution(Academic_Institution, Person_ID) VALUES ('Technion', 136);
INSERT INTO Bartender_Academic_Institution(Academic_Institution, Person_ID) VALUES ('Bar-Ilan', 137);
INSERT INTO Bartender_Academic_Institution(Academic_Institution, Person_ID) VALUES ('Technion', 138);
INSERT INTO Bartender_Academic_Institution(Academic_Institution, Person_ID) VALUES ('Bar-Ilan', 139);
INSERT INTO Bartender_Academic_Institution(Academic_Institution, Person_ID) VALUES ('Bar-Ilan', 140);
INSERT INTO Bartender_Academic_Institution(Academic_Institution, Person_ID) VALUES ('Bar-Ilan', 141);
INSERT INTO Bartender_Academic_Institution(Academic_Institution, Person_ID) VALUES ('Technion', 142);
INSERT INTO Bartender_Academic_Institution(Academic_Institution, Person_ID) VALUES ('Bar-Ilan', 143);
INSERT INTO Bartender_Academic_Institution(Academic_Institution, Person_ID) VALUES ('Tel Aviv University', 144);
INSERT INTO Bartender_Academic_Institution(Academic_Institution, Person_ID) VALUES ('Tel Aviv University', 145);
INSERT INTO Bartender_Academic_Institution(Academic_Institution, Person_ID) VALUES ('Hebrew University', 146);
INSERT INTO Bartender_Academic_Institution(Academic_Institution, Person_ID) VALUES ('Tel Aviv University', 147);
INSERT INTO Bartender_Academic_Institution(Academic_Institution, Person_ID) VALUES ('Hebrew University', 148);
INSERT INTO Bartender_Academic_Institution(Academic_Institution, Person_ID) VALUES ('Tel Aviv University', 149);
INSERT INTO Bartender_Academic_Institution(Academic_Institution, Person_ID) VALUES ('Technion', 150);
INSERT INTO Storage(Storage_ID, Number_of_cells, Capacity, Type, Location, Name) VALUES (1, 81, 1373, 'Dry', '238 Beckstead St.', 'Storage_1');
INSERT INTO Storage(Storage_ID, Number_of_cells, Capacity, Type, Location, Name) VALUES (2, 90, 877, 'Fridge', '656 Sell St.', 'Storage_2');
INSERT INTO Storage(Storage_ID, Number_of_cells, Capacity, Type, Location, Name) VALUES (3, 60, 559, 'Freezer', '629 Sentell St.', 'Storage_3');
INSERT INTO Storage(Storage_ID, Number_of_cells, Capacity, Type, Location, Name) VALUES (4, 67, 1712, 'Dry', '399 Smith St.', 'Storage_4');
INSERT INTO Storage(Storage_ID, Number_of_cells, Capacity, Type, Location, Name) VALUES (5, 37, 921, 'Dry', '771 Reel St.', 'Storage_5');
INSERT INTO Storage(Storage_ID, Number_of_cells, Capacity, Type, Location, Name) VALUES (6, 18, 1682, 'Fridge', '819 Couchman St.', 'Storage_6');
INSERT INTO Storage(Storage_ID, Number_of_cells, Capacity, Type, Location, Name) VALUES (7, 33, 1249, 'Dry', '202 Aguirre St.', 'Storage_7');
INSERT INTO Storage(Storage_ID, Number_of_cells, Capacity, Type, Location, Name) VALUES (8, 43, 1873, 'Dry', '541 Hlavac St.', 'Storage_8');
INSERT INTO Storage(Storage_ID, Number_of_cells, Capacity, Type, Location, Name) VALUES (9, 50, 1722, 'Dry', '626 Cochran St.', 'Storage_9');
INSERT INTO Storage(Storage_ID, Number_of_cells, Capacity, Type, Location, Name) VALUES (10, 24, 1212, 'Dry', '866 Osborn St.', 'Storage_10');
INSERT INTO Storage(Storage_ID, Number_of_cells, Capacity, Type, Location, Name) VALUES (11, 32, 1879, 'Freezer', '820 Kim St.', 'Storage_11');
INSERT INTO Storage(Storage_ID, Number_of_cells, Capacity, Type, Location, Name) VALUES (12, 88, 1708, 'Fridge', '689 Nelson St.', 'Storage_12');
INSERT INTO Storage(Storage_ID, Number_of_cells, Capacity, Type, Location, Name) VALUES (13, 25, 988, 'Dry', '120 Sanders St.', 'Storage_13');
INSERT INTO Storage(Storage_ID, Number_of_cells, Capacity, Type, Location, Name) VALUES (14, 98, 789, 'Freezer', '398 Campos St.', 'Storage_14');
INSERT INTO Storage(Storage_ID, Number_of_cells, Capacity, Type, Location, Name) VALUES (15, 27, 1677, 'Dry', '434 Bennett St.', 'Storage_15');
INSERT INTO Storage(Storage_ID, Number_of_cells, Capacity, Type, Location, Name) VALUES (16, 91, 1600, 'Freezer', '942 Clarkson St.', 'Storage_16');
INSERT INTO Storage(Storage_ID, Number_of_cells, Capacity, Type, Location, Name) VALUES (17, 32, 1636, 'Fridge', '502 Meyer St.', 'Storage_17');
INSERT INTO Storage(Storage_ID, Number_of_cells, Capacity, Type, Location, Name) VALUES (18, 33, 1144, 'Dry', '635 Wilson St.', 'Storage_18');
INSERT INTO Storage(Storage_ID, Number_of_cells, Capacity, Type, Location, Name) VALUES (19, 55, 519, 'Dry', '140 Long St.', 'Storage_19');
INSERT INTO Storage(Storage_ID, Number_of_cells, Capacity, Type, Location, Name) VALUES (20, 59, 1650, 'Freezer', '669 Godfrey St.', 'Storage_20');
INSERT INTO Storage(Storage_ID, Number_of_cells, Capacity, Type, Location, Name) VALUES (21, 97, 1507, 'Dry', '728 Hinerman St.', 'Storage_21');
INSERT INTO Storage(Storage_ID, Number_of_cells, Capacity, Type, Location, Name) VALUES (22, 72, 842, 'Fridge', '579 Jones St.', 'Storage_22');
INSERT INTO Storage(Storage_ID, Number_of_cells, Capacity, Type, Location, Name) VALUES (23, 38, 1098, 'Fridge', '282 Cruz St.', 'Storage_23');
INSERT INTO Storage(Storage_ID, Number_of_cells, Capacity, Type, Location, Name) VALUES (24, 46, 844, 'Dry', '580 Mcadoo St.', 'Storage_24');
INSERT INTO Storage(Storage_ID, Number_of_cells, Capacity, Type, Location, Name) VALUES (25, 73, 1625, 'Freezer', '116 Tabor St.', 'Storage_25');
INSERT INTO Storage(Storage_ID, Number_of_cells, Capacity, Type, Location, Name) VALUES (26, 44, 1612, 'Dry', '556 Kelty St.', 'Storage_26');
INSERT INTO Storage(Storage_ID, Number_of_cells, Capacity, Type, Location, Name) VALUES (27, 15, 1972, 'Dry', '560 Owens St.', 'Storage_27');
INSERT INTO Storage(Storage_ID, Number_of_cells, Capacity, Type, Location, Name) VALUES (28, 64, 709, 'Freezer', '850 Strand St.', 'Storage_28');
INSERT INTO Storage(Storage_ID, Number_of_cells, Capacity, Type, Location, Name) VALUES (29, 41, 1109, 'Fridge', '461 Willis St.', 'Storage_29');
INSERT INTO Storage(Storage_ID, Number_of_cells, Capacity, Type, Location, Name) VALUES (30, 21, 1399, 'Fridge', '795 Garduno St.', 'Storage_30');
INSERT INTO Storage(Storage_ID, Number_of_cells, Capacity, Type, Location, Name) VALUES (31, 36, 1704, 'Freezer', '360 Voit St.', 'Storage_31');
INSERT INTO Storage(Storage_ID, Number_of_cells, Capacity, Type, Location, Name) VALUES (32, 88, 1795, 'Dry', '170 Lovelace St.', 'Storage_32');
INSERT INTO Storage(Storage_ID, Number_of_cells, Capacity, Type, Location, Name) VALUES (33, 36, 923, 'Fridge', '584 Harmon St.', 'Storage_33');
INSERT INTO Storage(Storage_ID, Number_of_cells, Capacity, Type, Location, Name) VALUES (34, 45, 1722, 'Freezer', '173 Holt St.', 'Storage_34');
INSERT INTO Storage(Storage_ID, Number_of_cells, Capacity, Type, Location, Name) VALUES (35, 100, 1099, 'Dry', '587 Hart St.', 'Storage_35');
INSERT INTO Storage(Storage_ID, Number_of_cells, Capacity, Type, Location, Name) VALUES (36, 75, 1891, 'Fridge', '139 Rehling St.', 'Storage_36');
INSERT INTO Storage(Storage_ID, Number_of_cells, Capacity, Type, Location, Name) VALUES (37, 62, 621, 'Dry', '888 Kimmel St.', 'Storage_37');
INSERT INTO Storage(Storage_ID, Number_of_cells, Capacity, Type, Location, Name) VALUES (38, 99, 771, 'Fridge', '150 Cotten St.', 'Storage_38');
INSERT INTO Storage(Storage_ID, Number_of_cells, Capacity, Type, Location, Name) VALUES (39, 41, 1884, 'Dry', '502 Turner St.', 'Storage_39');
INSERT INTO Storage(Storage_ID, Number_of_cells, Capacity, Type, Location, Name) VALUES (40, 90, 1050, 'Freezer', '425 French St.', 'Storage_40');
INSERT INTO Storage(Storage_ID, Number_of_cells, Capacity, Type, Location, Name) VALUES (41, 19, 1797, 'Fridge', '413 Trent St.', 'Storage_41');
INSERT INTO Storage(Storage_ID, Number_of_cells, Capacity, Type, Location, Name) VALUES (42, 45, 1922, 'Dry', '466 Eftekhari St.', 'Storage_42');
INSERT INTO Storage(Storage_ID, Number_of_cells, Capacity, Type, Location, Name) VALUES (43, 51, 1691, 'Fridge', '890 Carreno St.', 'Storage_43');
INSERT INTO Storage(Storage_ID, Number_of_cells, Capacity, Type, Location, Name) VALUES (44, 21, 1996, 'Dry', '651 Macklin St.', 'Storage_44');
INSERT INTO Storage(Storage_ID, Number_of_cells, Capacity, Type, Location, Name) VALUES (45, 55, 629, 'Freezer', '408 Jordan St.', 'Storage_45');
INSERT INTO Storage(Storage_ID, Number_of_cells, Capacity, Type, Location, Name) VALUES (46, 64, 933, 'Dry', '275 Rodriquez St.', 'Storage_46');
INSERT INTO Storage(Storage_ID, Number_of_cells, Capacity, Type, Location, Name) VALUES (47, 46, 1191, 'Freezer', '592 Gonzalez St.', 'Storage_47');
INSERT INTO Storage(Storage_ID, Number_of_cells, Capacity, Type, Location, Name) VALUES (48, 72, 1203, 'Freezer', '781 Miller St.', 'Storage_48');
INSERT INTO Storage(Storage_ID, Number_of_cells, Capacity, Type, Location, Name) VALUES (49, 22, 1782, 'Dry', '17 Scott St.', 'Storage_49');
INSERT INTO Storage(Storage_ID, Number_of_cells, Capacity, Type, Location, Name) VALUES (50, 30, 1403, 'Dry', '1 Wolfertz St.', 'Storage_50');
INSERT INTO Storage(Storage_ID, Number_of_cells, Capacity, Type, Location, Name) VALUES (51, 64, 914, 'Freezer', '932 Gonzalez St.', 'Storage_51');
INSERT INTO Storage(Storage_ID, Number_of_cells, Capacity, Type, Location, Name) VALUES (52, 93, 1118, 'Fridge', '896 Seys St.', 'Storage_52');
INSERT INTO Storage(Storage_ID, Number_of_cells, Capacity, Type, Location, Name) VALUES (53, 45, 691, 'Freezer', '370 Mills St.', 'Storage_53');
INSERT INTO Storage(Storage_ID, Number_of_cells, Capacity, Type, Location, Name) VALUES (54, 57, 1860, 'Freezer', '170 Wilson St.', 'Storage_54');
INSERT INTO Storage(Storage_ID, Number_of_cells, Capacity, Type, Location, Name) VALUES (55, 90, 1125, 'Freezer', '717 Ottinger St.', 'Storage_55');
INSERT INTO Storage(Storage_ID, Number_of_cells, Capacity, Type, Location, Name) VALUES (56, 64, 1842, 'Fridge', '721 Clark St.', 'Storage_56');
INSERT INTO Storage(Storage_ID, Number_of_cells, Capacity, Type, Location, Name) VALUES (57, 37, 1476, 'Fridge', '136 Stoddard St.', 'Storage_57');
INSERT INTO Storage(Storage_ID, Number_of_cells, Capacity, Type, Location, Name) VALUES (58, 76, 1892, 'Dry', '10 Smith St.', 'Storage_58');
INSERT INTO Storage(Storage_ID, Number_of_cells, Capacity, Type, Location, Name) VALUES (59, 53, 746, 'Dry', '711 Gonzalez St.', 'Storage_59');
INSERT INTO Storage(Storage_ID, Number_of_cells, Capacity, Type, Location, Name) VALUES (60, 19, 968, 'Dry', '92 Scofield St.', 'Storage_60');
INSERT INTO Storage(Storage_ID, Number_of_cells, Capacity, Type, Location, Name) VALUES (61, 23, 711, 'Dry', '377 Kratky St.', 'Storage_61');
INSERT INTO Storage(Storage_ID, Number_of_cells, Capacity, Type, Location, Name) VALUES (62, 27, 1283, 'Fridge', '657 Tongate St.', 'Storage_62');
INSERT INTO Storage(Storage_ID, Number_of_cells, Capacity, Type, Location, Name) VALUES (63, 28, 640, 'Freezer', '577 Smith St.', 'Storage_63');
INSERT INTO Storage(Storage_ID, Number_of_cells, Capacity, Type, Location, Name) VALUES (64, 93, 836, 'Dry', '360 Hooten St.', 'Storage_64');
INSERT INTO Storage(Storage_ID, Number_of_cells, Capacity, Type, Location, Name) VALUES (65, 90, 810, 'Dry', '631 Ashmore St.', 'Storage_65');
INSERT INTO Storage(Storage_ID, Number_of_cells, Capacity, Type, Location, Name) VALUES (66, 37, 677, 'Fridge', '144 Byerly St.', 'Storage_66');
INSERT INTO Storage(Storage_ID, Number_of_cells, Capacity, Type, Location, Name) VALUES (67, 85, 1995, 'Dry', '360 Pecci St.', 'Storage_67');
INSERT INTO Storage(Storage_ID, Number_of_cells, Capacity, Type, Location, Name) VALUES (68, 50, 786, 'Fridge', '284 Cone St.', 'Storage_68');
INSERT INTO Storage(Storage_ID, Number_of_cells, Capacity, Type, Location, Name) VALUES (69, 41, 1633, 'Freezer', '615 Trott St.', 'Storage_69');
INSERT INTO Storage(Storage_ID, Number_of_cells, Capacity, Type, Location, Name) VALUES (70, 46, 1914, 'Fridge', '869 Fielden St.', 'Storage_70');
INSERT INTO Storage(Storage_ID, Number_of_cells, Capacity, Type, Location, Name) VALUES (71, 48, 920, 'Freezer', '622 Winston St.', 'Storage_71');
INSERT INTO Storage(Storage_ID, Number_of_cells, Capacity, Type, Location, Name) VALUES (72, 60, 1105, 'Freezer', '56 Twombly St.', 'Storage_72');
INSERT INTO Storage(Storage_ID, Number_of_cells, Capacity, Type, Location, Name) VALUES (73, 40, 1513, 'Dry', '116 Dixon St.', 'Storage_73');
INSERT INTO Storage(Storage_ID, Number_of_cells, Capacity, Type, Location, Name) VALUES (74, 91, 1716, 'Fridge', '541 Deremer St.', 'Storage_74');
INSERT INTO Storage(Storage_ID, Number_of_cells, Capacity, Type, Location, Name) VALUES (75, 11, 1239, 'Dry', '136 Wilkins St.', 'Storage_75');
INSERT INTO Storage(Storage_ID, Number_of_cells, Capacity, Type, Location, Name) VALUES (76, 82, 1361, 'Dry', '560 Flemming St.', 'Storage_76');
INSERT INTO Storage(Storage_ID, Number_of_cells, Capacity, Type, Location, Name) VALUES (77, 70, 649, 'Fridge', '602 Thomas St.', 'Storage_77');
INSERT INTO Storage(Storage_ID, Number_of_cells, Capacity, Type, Location, Name) VALUES (78, 43, 941, 'Fridge', '945 Taylor St.', 'Storage_78');
INSERT INTO Storage(Storage_ID, Number_of_cells, Capacity, Type, Location, Name) VALUES (79, 60, 1537, 'Dry', '644 Mateo St.', 'Storage_79');
INSERT INTO Storage(Storage_ID, Number_of_cells, Capacity, Type, Location, Name) VALUES (80, 63, 1367, 'Freezer', '412 Thompson St.', 'Storage_80');
INSERT INTO Storage(Storage_ID, Number_of_cells, Capacity, Type, Location, Name) VALUES (81, 78, 1601, 'Freezer', '157 Austin St.', 'Storage_81');
INSERT INTO Storage(Storage_ID, Number_of_cells, Capacity, Type, Location, Name) VALUES (82, 49, 661, 'Freezer', '944 Gonzales St.', 'Storage_82');
INSERT INTO Storage(Storage_ID, Number_of_cells, Capacity, Type, Location, Name) VALUES (83, 29, 1598, 'Dry', '401 Beebe St.', 'Storage_83');
INSERT INTO Storage(Storage_ID, Number_of_cells, Capacity, Type, Location, Name) VALUES (84, 93, 1894, 'Freezer', '68 Vargas St.', 'Storage_84');
INSERT INTO Storage(Storage_ID, Number_of_cells, Capacity, Type, Location, Name) VALUES (85, 65, 1994, 'Fridge', '60 Shaw St.', 'Storage_85');
INSERT INTO Storage(Storage_ID, Number_of_cells, Capacity, Type, Location, Name) VALUES (86, 65, 737, 'Dry', '627 Satterfield St.', 'Storage_86');
INSERT INTO Storage(Storage_ID, Number_of_cells, Capacity, Type, Location, Name) VALUES (87, 49, 1864, 'Freezer', '674 Heald St.', 'Storage_87');
INSERT INTO Storage(Storage_ID, Number_of_cells, Capacity, Type, Location, Name) VALUES (88, 25, 525, 'Freezer', '141 Mitchel St.', 'Storage_88');
INSERT INTO Storage(Storage_ID, Number_of_cells, Capacity, Type, Location, Name) VALUES (89, 30, 1516, 'Dry', '536 Pritchard St.', 'Storage_89');
INSERT INTO Storage(Storage_ID, Number_of_cells, Capacity, Type, Location, Name) VALUES (90, 43, 841, 'Dry', '130 Lamoureux St.', 'Storage_90');
INSERT INTO Storage(Storage_ID, Number_of_cells, Capacity, Type, Location, Name) VALUES (91, 44, 741, 'Fridge', '344 Dupuy St.', 'Storage_91');
INSERT INTO Storage(Storage_ID, Number_of_cells, Capacity, Type, Location, Name) VALUES (92, 44, 1572, 'Fridge', '270 Shoup St.', 'Storage_92');
INSERT INTO Storage(Storage_ID, Number_of_cells, Capacity, Type, Location, Name) VALUES (93, 83, 1785, 'Fridge', '509 Carver St.', 'Storage_93');
INSERT INTO Storage(Storage_ID, Number_of_cells, Capacity, Type, Location, Name) VALUES (94, 56, 613, 'Dry', '880 Parson St.', 'Storage_94');
INSERT INTO Storage(Storage_ID, Number_of_cells, Capacity, Type, Location, Name) VALUES (95, 57, 822, 'Dry', '792 Lee St.', 'Storage_95');
INSERT INTO Storage(Storage_ID, Number_of_cells, Capacity, Type, Location, Name) VALUES (96, 83, 1880, 'Freezer', '119 Freeman St.', 'Storage_96');
INSERT INTO Storage(Storage_ID, Number_of_cells, Capacity, Type, Location, Name) VALUES (97, 75, 505, 'Fridge', '880 Eastburn St.', 'Storage_97');
INSERT INTO Storage(Storage_ID, Number_of_cells, Capacity, Type, Location, Name) VALUES (98, 41, 594, 'Dry', '373 Figueroa St.', 'Storage_98');
INSERT INTO Storage(Storage_ID, Number_of_cells, Capacity, Type, Location, Name) VALUES (99, 29, 866, 'Fridge', '567 Pegg St.', 'Storage_99');
INSERT INTO Storage(Storage_ID, Number_of_cells, Capacity, Type, Location, Name) VALUES (100, 93, 1358, 'Fridge', '330 Black St.', 'Storage_100');
INSERT INTO Storage(Storage_ID, Number_of_cells, Capacity, Type, Location, Name) VALUES (101, 50, 1055, 'Fridge', '586 Houston St.', 'Storage_101');
INSERT INTO Storage(Storage_ID, Number_of_cells, Capacity, Type, Location, Name) VALUES (102, 74, 1878, 'Fridge', '184 Gibson St.', 'Storage_102');
INSERT INTO Storage(Storage_ID, Number_of_cells, Capacity, Type, Location, Name) VALUES (103, 76, 594, 'Dry', '71 Ocheltree St.', 'Storage_103');
INSERT INTO Storage(Storage_ID, Number_of_cells, Capacity, Type, Location, Name) VALUES (104, 46, 1136, 'Dry', '89 Lacey St.', 'Storage_104');
INSERT INTO Storage(Storage_ID, Number_of_cells, Capacity, Type, Location, Name) VALUES (105, 11, 1255, 'Fridge', '299 Meier St.', 'Storage_105');
INSERT INTO Storage(Storage_ID, Number_of_cells, Capacity, Type, Location, Name) VALUES (106, 48, 1775, 'Fridge', '476 Doyle St.', 'Storage_106');
INSERT INTO Storage(Storage_ID, Number_of_cells, Capacity, Type, Location, Name) VALUES (107, 73, 900, 'Freezer', '923 Mcdonough St.', 'Storage_107');
INSERT INTO Storage(Storage_ID, Number_of_cells, Capacity, Type, Location, Name) VALUES (108, 41, 808, 'Fridge', '955 Horn St.', 'Storage_108');
INSERT INTO Storage(Storage_ID, Number_of_cells, Capacity, Type, Location, Name) VALUES (109, 39, 1609, 'Dry', '652 Loaiza St.', 'Storage_109');
INSERT INTO Storage(Storage_ID, Number_of_cells, Capacity, Type, Location, Name) VALUES (110, 11, 1186, 'Fridge', '778 Sell St.', 'Storage_110');
INSERT INTO Storage(Storage_ID, Number_of_cells, Capacity, Type, Location, Name) VALUES (111, 49, 712, 'Fridge', '543 Protain St.', 'Storage_111');
INSERT INTO Storage(Storage_ID, Number_of_cells, Capacity, Type, Location, Name) VALUES (112, 63, 1507, 'Fridge', '996 Mooberry St.', 'Storage_112');
INSERT INTO Storage(Storage_ID, Number_of_cells, Capacity, Type, Location, Name) VALUES (113, 45, 690, 'Fridge', '944 Stevens St.', 'Storage_113');
INSERT INTO Storage(Storage_ID, Number_of_cells, Capacity, Type, Location, Name) VALUES (114, 76, 1345, 'Freezer', '918 Mcbride St.', 'Storage_114');
INSERT INTO Storage(Storage_ID, Number_of_cells, Capacity, Type, Location, Name) VALUES (115, 20, 1689, 'Fridge', '518 Nelson St.', 'Storage_115');
INSERT INTO Storage(Storage_ID, Number_of_cells, Capacity, Type, Location, Name) VALUES (116, 60, 653, 'Freezer', '582 Taylor St.', 'Storage_116');
INSERT INTO Storage(Storage_ID, Number_of_cells, Capacity, Type, Location, Name) VALUES (117, 94, 767, 'Fridge', '299 Matthews St.', 'Storage_117');
INSERT INTO Storage(Storage_ID, Number_of_cells, Capacity, Type, Location, Name) VALUES (118, 50, 1304, 'Freezer', '852 Nero St.', 'Storage_118');
INSERT INTO Storage(Storage_ID, Number_of_cells, Capacity, Type, Location, Name) VALUES (119, 50, 1427, 'Dry', '240 White St.', 'Storage_119');
INSERT INTO Storage(Storage_ID, Number_of_cells, Capacity, Type, Location, Name) VALUES (120, 35, 778, 'Freezer', '112 Morris St.', 'Storage_120');
INSERT INTO Storage(Storage_ID, Number_of_cells, Capacity, Type, Location, Name) VALUES (121, 31, 1420, 'Dry', '322 Wyatt St.', 'Storage_121');
INSERT INTO Storage(Storage_ID, Number_of_cells, Capacity, Type, Location, Name) VALUES (122, 78, 1233, 'Fridge', '463 Holland St.', 'Storage_122');
INSERT INTO Storage(Storage_ID, Number_of_cells, Capacity, Type, Location, Name) VALUES (123, 43, 745, 'Fridge', '162 Vanfleet St.', 'Storage_123');
INSERT INTO Storage(Storage_ID, Number_of_cells, Capacity, Type, Location, Name) VALUES (124, 48, 1943, 'Freezer', '618 Brown St.', 'Storage_124');
INSERT INTO Storage(Storage_ID, Number_of_cells, Capacity, Type, Location, Name) VALUES (125, 51, 803, 'Fridge', '729 Black St.', 'Storage_125');
INSERT INTO Storage(Storage_ID, Number_of_cells, Capacity, Type, Location, Name) VALUES (126, 55, 1311, 'Freezer', '51 Dayton St.', 'Storage_126');
INSERT INTO Storage(Storage_ID, Number_of_cells, Capacity, Type, Location, Name) VALUES (127, 43, 856, 'Fridge', '975 Small St.', 'Storage_127');
INSERT INTO Storage(Storage_ID, Number_of_cells, Capacity, Type, Location, Name) VALUES (128, 67, 1638, 'Freezer', '564 Palmer St.', 'Storage_128');
INSERT INTO Storage(Storage_ID, Number_of_cells, Capacity, Type, Location, Name) VALUES (129, 69, 708, 'Fridge', '125 Johnson St.', 'Storage_129');
INSERT INTO Storage(Storage_ID, Number_of_cells, Capacity, Type, Location, Name) VALUES (130, 38, 767, 'Fridge', '844 Oneal St.', 'Storage_130');
INSERT INTO Storage(Storage_ID, Number_of_cells, Capacity, Type, Location, Name) VALUES (131, 97, 1790, 'Freezer', '87 Gallardo St.', 'Storage_131');
INSERT INTO Storage(Storage_ID, Number_of_cells, Capacity, Type, Location, Name) VALUES (132, 43, 653, 'Fridge', '67 Flores St.', 'Storage_132');
INSERT INTO Storage(Storage_ID, Number_of_cells, Capacity, Type, Location, Name) VALUES (133, 92, 1408, 'Fridge', '95 Breedon St.', 'Storage_133');
INSERT INTO Storage(Storage_ID, Number_of_cells, Capacity, Type, Location, Name) VALUES (134, 52, 750, 'Fridge', '965 Vaughan St.', 'Storage_134');
INSERT INTO Storage(Storage_ID, Number_of_cells, Capacity, Type, Location, Name) VALUES (135, 31, 1675, 'Dry', '842 Louie St.', 'Storage_135');
INSERT INTO Storage(Storage_ID, Number_of_cells, Capacity, Type, Location, Name) VALUES (136, 73, 560, 'Dry', '700 Lowery St.', 'Storage_136');
INSERT INTO Storage(Storage_ID, Number_of_cells, Capacity, Type, Location, Name) VALUES (137, 55, 939, 'Fridge', '282 Lawson St.', 'Storage_137');
INSERT INTO Storage(Storage_ID, Number_of_cells, Capacity, Type, Location, Name) VALUES (138, 29, 570, 'Freezer', '635 Gresham St.', 'Storage_138');
INSERT INTO Storage(Storage_ID, Number_of_cells, Capacity, Type, Location, Name) VALUES (139, 92, 1104, 'Dry', '422 Vanderhorst St.', 'Storage_139');
INSERT INTO Storage(Storage_ID, Number_of_cells, Capacity, Type, Location, Name) VALUES (140, 71, 624, 'Fridge', '287 Figueroa St.', 'Storage_140');
INSERT INTO Storage(Storage_ID, Number_of_cells, Capacity, Type, Location, Name) VALUES (141, 63, 908, 'Freezer', '906 Grinnell St.', 'Storage_141');
INSERT INTO Storage(Storage_ID, Number_of_cells, Capacity, Type, Location, Name) VALUES (142, 41, 1791, 'Freezer', '814 Johnson St.', 'Storage_142');
INSERT INTO Storage(Storage_ID, Number_of_cells, Capacity, Type, Location, Name) VALUES (143, 58, 1960, 'Dry', '492 Sadler St.', 'Storage_143');
INSERT INTO Storage(Storage_ID, Number_of_cells, Capacity, Type, Location, Name) VALUES (144, 72, 1204, 'Freezer', '515 Lucas St.', 'Storage_144');
INSERT INTO Storage(Storage_ID, Number_of_cells, Capacity, Type, Location, Name) VALUES (145, 44, 868, 'Fridge', '327 Dowling St.', 'Storage_145');
INSERT INTO Storage(Storage_ID, Number_of_cells, Capacity, Type, Location, Name) VALUES (146, 13, 1075, 'Fridge', '829 Ziler St.', 'Storage_146');
INSERT INTO Storage(Storage_ID, Number_of_cells, Capacity, Type, Location, Name) VALUES (147, 77, 1232, 'Freezer', '239 Manylath St.', 'Storage_147');
INSERT INTO Storage(Storage_ID, Number_of_cells, Capacity, Type, Location, Name) VALUES (148, 22, 1007, 'Freezer', '247 Snyder St.', 'Storage_148');
INSERT INTO Storage(Storage_ID, Number_of_cells, Capacity, Type, Location, Name) VALUES (149, 17, 949, 'Freezer', '867 Rodvold St.', 'Storage_149');
INSERT INTO Storage(Storage_ID, Number_of_cells, Capacity, Type, Location, Name) VALUES (150, 59, 1226, 'Fridge', '181 Henry St.', 'Storage_150');
INSERT INTO Product(Vegetarian, Quantity, Name, Storage_space, Price, Product_ID, Nut_free, Gluten_free, Vegan, Brand, Shelf_life, Type, Storage_ID, Person_ID) VALUES (1, 422, 'Product_0', 6, 91.83, 1, 0, 1, 0, 'Brand_10', 126, 'Mixer', 1, 1);
INSERT INTO Product(Vegetarian, Quantity, Name, Storage_space, Price, Product_ID, Nut_free, Gluten_free, Vegan, Brand, Shelf_life, Type, Storage_ID, Person_ID) VALUES (1, 99, 'Product_1', 8, 8.61, 2, 0, 0, 0, 'Brand_1', 299, 'Mixer', 2, 2);
INSERT INTO Product(Vegetarian, Quantity, Name, Storage_space, Price, Product_ID, Nut_free, Gluten_free, Vegan, Brand, Shelf_life, Type, Storage_ID, Person_ID) VALUES (0, 179, 'Product_2', 10, 24.14, 3, 0, 1, 0, 'Brand_6', 60, 'Liquor', 3, 3);
INSERT INTO Product(Vegetarian, Quantity, Name, Storage_space, Price, Product_ID, Nut_free, Gluten_free, Vegan, Brand, Shelf_life, Type, Storage_ID, Person_ID) VALUES (0, 310, 'Product_3', 3, 78.56, 4, 1, 0, 1, 'Brand_7', 330, 'Liquor', 4, 4);
INSERT INTO Product(Vegetarian, Quantity, Name, Storage_space, Price, Product_ID, Nut_free, Gluten_free, Vegan, Brand, Shelf_life, Type, Storage_ID, Person_ID) VALUES (1, 164, 'Product_4', 6, 17.96, 5, 0, 1, 1, 'Brand_6', 119, 'Ingredient', 5, 5);
INSERT INTO Product(Vegetarian, Quantity, Name, Storage_space, Price, Product_ID, Nut_free, Gluten_free, Vegan, Brand, Shelf_life, Type, Storage_ID, Person_ID) VALUES (1, 124, 'Product_5', 10, 82.37, 6, 1, 1, 1, 'Brand_3', 120, 'Ingredient', 6, 6);
INSERT INTO Product(Vegetarian, Quantity, Name, Storage_space, Price, Product_ID, Nut_free, Gluten_free, Vegan, Brand, Shelf_life, Type, Storage_ID, Person_ID) VALUES (0, 495, 'Product_6', 10, 42.2, 7, 0, 0, 1, 'Brand_10', 143, 'Ingredient', 7, 7);
INSERT INTO Product(Vegetarian, Quantity, Name, Storage_space, Price, Product_ID, Nut_free, Gluten_free, Vegan, Brand, Shelf_life, Type, Storage_ID, Person_ID) VALUES (0, 489, 'Product_7', 8, 18.36, 8, 0, 0, 1, 'Brand_6', 115, 'Ingredient', 8, 8);
INSERT INTO Product(Vegetarian, Quantity, Name, Storage_space, Price, Product_ID, Nut_free, Gluten_free, Vegan, Brand, Shelf_life, Type, Storage_ID, Person_ID) VALUES (0, 430, 'Product_8', 6, 47.43, 9, 1, 0, 0, 'Brand_2', 209, 'Mixer', 9, 9);
INSERT INTO Product(Vegetarian, Quantity, Name, Storage_space, Price, Product_ID, Nut_free, Gluten_free, Vegan, Brand, Shelf_life, Type, Storage_ID, Person_ID) VALUES (0, 378, 'Product_9', 1, 9.57, 10, 1, 1, 0, 'Brand_7', 282, 'Mixer', 10, 10);
INSERT INTO Product(Vegetarian, Quantity, Name, Storage_space, Price, Product_ID, Nut_free, Gluten_free, Vegan, Brand, Shelf_life, Type, Storage_ID, Person_ID) VALUES (1, 289, 'Product_10', 7, 14.64, 11, 1, 0, 0, 'Brand_8', 67, 'Liquor', 11, 11);
INSERT INTO Product(Vegetarian, Quantity, Name, Storage_space, Price, Product_ID, Nut_free, Gluten_free, Vegan, Brand, Shelf_life, Type, Storage_ID, Person_ID) VALUES (1, 20, 'Product_11', 6, 29.81, 12, 0, 0, 1, 'Brand_3', 222, 'Liquor', 12, 12);
INSERT INTO Product(Vegetarian, Quantity, Name, Storage_space, Price, Product_ID, Nut_free, Gluten_free, Vegan, Brand, Shelf_life, Type, Storage_ID, Person_ID) VALUES (0, 290, 'Product_12', 2, 37.11, 13, 1, 0, 1, 'Brand_3', 340, 'Mixer', 13, 13);
INSERT INTO Product(Vegetarian, Quantity, Name, Storage_space, Price, Product_ID, Nut_free, Gluten_free, Vegan, Brand, Shelf_life, Type, Storage_ID, Person_ID) VALUES (0, 37, 'Product_13', 2, 36.45, 14, 0, 1, 1, 'Brand_5', 182, 'Liquor', 14, 14);
INSERT INTO Product(Vegetarian, Quantity, Name, Storage_space, Price, Product_ID, Nut_free, Gluten_free, Vegan, Brand, Shelf_life, Type, Storage_ID, Person_ID) VALUES (0, 35, 'Product_14', 7, 59.32, 15, 1, 0, 0, 'Brand_6', 31, 'Mixer', 15, 15);
INSERT INTO Product(Vegetarian, Quantity, Name, Storage_space, Price, Product_ID, Nut_free, Gluten_free, Vegan, Brand, Shelf_life, Type, Storage_ID, Person_ID) VALUES (0, 160, 'Product_15', 10, 50.63, 16, 0, 0, 0, 'Brand_3', 356, 'Mixer', 16, 16);
INSERT INTO Product(Vegetarian, Quantity, Name, Storage_space, Price, Product_ID, Nut_free, Gluten_free, Vegan, Brand, Shelf_life, Type, Storage_ID, Person_ID) VALUES (0, 252, 'Product_16', 2, 34.29, 17, 1, 1, 1, 'Brand_5', 76, 'Ingredient', 17, 17);
INSERT INTO Product(Vegetarian, Quantity, Name, Storage_space, Price, Product_ID, Nut_free, Gluten_free, Vegan, Brand, Shelf_life, Type, Storage_ID, Person_ID) VALUES (1, 104, 'Product_17', 6, 89.12, 18, 1, 0, 1, 'Brand_1', 164, 'Mixer', 18, 18);
INSERT INTO Product(Vegetarian, Quantity, Name, Storage_space, Price, Product_ID, Nut_free, Gluten_free, Vegan, Brand, Shelf_life, Type, Storage_ID, Person_ID) VALUES (1, 144, 'Product_18', 4, 84.52, 19, 0, 0, 0, 'Brand_2', 206, 'Ingredient', 19, 19);
INSERT INTO Product(Vegetarian, Quantity, Name, Storage_space, Price, Product_ID, Nut_free, Gluten_free, Vegan, Brand, Shelf_life, Type, Storage_ID, Person_ID) VALUES (1, 397, 'Product_19', 10, 26.61, 20, 0, 1, 1, 'Brand_9', 273, 'Ingredient', 20, 20);
INSERT INTO Product(Vegetarian, Quantity, Name, Storage_space, Price, Product_ID, Nut_free, Gluten_free, Vegan, Brand, Shelf_life, Type, Storage_ID, Person_ID) VALUES (0, 253, 'Product_20', 5, 12.5, 21, 0, 0, 0, 'Brand_8', 118, 'Liquor', 21, 21);
INSERT INTO Product(Vegetarian, Quantity, Name, Storage_space, Price, Product_ID, Nut_free, Gluten_free, Vegan, Brand, Shelf_life, Type, Storage_ID, Person_ID) VALUES (0, 423, 'Product_21', 4, 16.99, 22, 1, 0, 1, 'Brand_4', 351, 'Liquor', 22, 22);
INSERT INTO Product(Vegetarian, Quantity, Name, Storage_space, Price, Product_ID, Nut_free, Gluten_free, Vegan, Brand, Shelf_life, Type, Storage_ID, Person_ID) VALUES (1, 173, 'Product_22', 2, 13.27, 23, 1, 1, 1, 'Brand_9', 264, 'Liquor', 23, 23);
INSERT INTO Product(Vegetarian, Quantity, Name, Storage_space, Price, Product_ID, Nut_free, Gluten_free, Vegan, Brand, Shelf_life, Type, Storage_ID, Person_ID) VALUES (1, 67, 'Product_23', 7, 19.22, 24, 0, 0, 0, 'Brand_5', 304, 'Mixer', 24, 24);
INSERT INTO Product(Vegetarian, Quantity, Name, Storage_space, Price, Product_ID, Nut_free, Gluten_free, Vegan, Brand, Shelf_life, Type, Storage_ID, Person_ID) VALUES (1, 145, 'Product_24', 7, 67.2, 25, 1, 0, 0, 'Brand_5', 236, 'Liquor', 25, 25);
INSERT INTO Product(Vegetarian, Quantity, Name, Storage_space, Price, Product_ID, Nut_free, Gluten_free, Vegan, Brand, Shelf_life, Type, Storage_ID, Person_ID) VALUES (1, 29, 'Product_25', 7, 89.51, 26, 1, 0, 0, 'Brand_8', 167, 'Mixer', 26, 26);
INSERT INTO Product(Vegetarian, Quantity, Name, Storage_space, Price, Product_ID, Nut_free, Gluten_free, Vegan, Brand, Shelf_life, Type, Storage_ID, Person_ID) VALUES (0, 182, 'Product_26', 5, 34.54, 27, 1, 0, 0, 'Brand_3', 183, 'Ingredient', 27, 27);
INSERT INTO Product(Vegetarian, Quantity, Name, Storage_space, Price, Product_ID, Nut_free, Gluten_free, Vegan, Brand, Shelf_life, Type, Storage_ID, Person_ID) VALUES (1, 406, 'Product_27', 6, 30.59, 28, 1, 0, 0, 'Brand_8', 138, 'Mixer', 28, 28);
INSERT INTO Product(Vegetarian, Quantity, Name, Storage_space, Price, Product_ID, Nut_free, Gluten_free, Vegan, Brand, Shelf_life, Type, Storage_ID, Person_ID) VALUES (1, 398, 'Product_28', 9, 87.38, 29, 0, 0, 0, 'Brand_5', 289, 'Mixer', 29, 29);
INSERT INTO Product(Vegetarian, Quantity, Name, Storage_space, Price, Product_ID, Nut_free, Gluten_free, Vegan, Brand, Shelf_life, Type, Storage_ID, Person_ID) VALUES (0, 409, 'Product_29', 9, 88.54, 30, 0, 0, 0, 'Brand_4', 59, 'Liquor', 30, 30);
INSERT INTO Product(Vegetarian, Quantity, Name, Storage_space, Price, Product_ID, Nut_free, Gluten_free, Vegan, Brand, Shelf_life, Type, Storage_ID, Person_ID) VALUES (0, 243, 'Product_30', 1, 92.21, 31, 0, 1, 1, 'Brand_8', 288, 'Mixer', 31, 31);
INSERT INTO Product(Vegetarian, Quantity, Name, Storage_space, Price, Product_ID, Nut_free, Gluten_free, Vegan, Brand, Shelf_life, Type, Storage_ID, Person_ID) VALUES (0, 358, 'Product_31', 1, 27.98, 32, 1, 1, 0, 'Brand_8', 330, 'Ingredient', 32, 32);
INSERT INTO Product(Vegetarian, Quantity, Name, Storage_space, Price, Product_ID, Nut_free, Gluten_free, Vegan, Brand, Shelf_life, Type, Storage_ID, Person_ID) VALUES (1, 186, 'Product_32', 3, 84.58, 33, 1, 0, 1, 'Brand_1', 227, 'Liquor', 33, 33);
INSERT INTO Product(Vegetarian, Quantity, Name, Storage_space, Price, Product_ID, Nut_free, Gluten_free, Vegan, Brand, Shelf_life, Type, Storage_ID, Person_ID) VALUES (0, 447, 'Product_33', 10, 79.08, 34, 0, 0, 0, 'Brand_4', 167, 'Ingredient', 34, 34);
INSERT INTO Product(Vegetarian, Quantity, Name, Storage_space, Price, Product_ID, Nut_free, Gluten_free, Vegan, Brand, Shelf_life, Type, Storage_ID, Person_ID) VALUES (1, 272, 'Product_34', 1, 87.14, 35, 0, 1, 0, 'Brand_3', 337, 'Liquor', 35, 35);
INSERT INTO Product(Vegetarian, Quantity, Name, Storage_space, Price, Product_ID, Nut_free, Gluten_free, Vegan, Brand, Shelf_life, Type, Storage_ID, Person_ID) VALUES (0, 139, 'Product_35', 10, 81.48, 36, 1, 1, 1, 'Brand_7', 208, 'Mixer', 36, 36);
INSERT INTO Product(Vegetarian, Quantity, Name, Storage_space, Price, Product_ID, Nut_free, Gluten_free, Vegan, Brand, Shelf_life, Type, Storage_ID, Person_ID) VALUES (1, 121, 'Product_36', 8, 33.7, 37, 1, 0, 0, 'Brand_9', 221, 'Ingredient', 37, 37);
INSERT INTO Product(Vegetarian, Quantity, Name, Storage_space, Price, Product_ID, Nut_free, Gluten_free, Vegan, Brand, Shelf_life, Type, Storage_ID, Person_ID) VALUES (1, 162, 'Product_37', 2, 50.77, 38, 1, 1, 1, 'Brand_5', 163, 'Ingredient', 38, 38);
INSERT INTO Product(Vegetarian, Quantity, Name, Storage_space, Price, Product_ID, Nut_free, Gluten_free, Vegan, Brand, Shelf_life, Type, Storage_ID, Person_ID) VALUES (1, 106, 'Product_38', 3, 54.14, 39, 0, 0, 1, 'Brand_6', 101, 'Ingredient', 39, 39);
INSERT INTO Product(Vegetarian, Quantity, Name, Storage_space, Price, Product_ID, Nut_free, Gluten_free, Vegan, Brand, Shelf_life, Type, Storage_ID, Person_ID) VALUES (0, 345, 'Product_39', 8, 99.76, 40, 1, 1, 1, 'Brand_7', 48, 'Ingredient', 40, 40);
INSERT INTO Product(Vegetarian, Quantity, Name, Storage_space, Price, Product_ID, Nut_free, Gluten_free, Vegan, Brand, Shelf_life, Type, Storage_ID, Person_ID) VALUES (0, 185, 'Product_40', 4, 70.2, 41, 1, 1, 1, 'Brand_3', 315, 'Liquor', 41, 41);
INSERT INTO Product(Vegetarian, Quantity, Name, Storage_space, Price, Product_ID, Nut_free, Gluten_free, Vegan, Brand, Shelf_life, Type, Storage_ID, Person_ID) VALUES (1, 59, 'Product_41', 8, 17.15, 42, 1, 0, 1, 'Brand_2', 143, 'Mixer', 42, 42);
INSERT INTO Product(Vegetarian, Quantity, Name, Storage_space, Price, Product_ID, Nut_free, Gluten_free, Vegan, Brand, Shelf_life, Type, Storage_ID, Person_ID) VALUES (0, 391, 'Product_42', 5, 44.94, 43, 1, 1, 1, 'Brand_10', 180, 'Mixer', 43, 43);
INSERT INTO Product(Vegetarian, Quantity, Name, Storage_space, Price, Product_ID, Nut_free, Gluten_free, Vegan, Brand, Shelf_life, Type, Storage_ID, Person_ID) VALUES (0, 250, 'Product_43', 1, 87.31, 44, 0, 1, 0, 'Brand_9', 91, 'Ingredient', 44, 44);
INSERT INTO Product(Vegetarian, Quantity, Name, Storage_space, Price, Product_ID, Nut_free, Gluten_free, Vegan, Brand, Shelf_life, Type, Storage_ID, Person_ID) VALUES (1, 281, 'Product_44', 5, 44.25, 45, 0, 0, 0, 'Brand_6', 239, 'Ingredient', 45, 45);
INSERT INTO Product(Vegetarian, Quantity, Name, Storage_space, Price, Product_ID, Nut_free, Gluten_free, Vegan, Brand, Shelf_life, Type, Storage_ID, Person_ID) VALUES (1, 83, 'Product_45', 6, 86.93, 46, 0, 0, 1, 'Brand_6', 353, 'Liquor', 46, 46);
INSERT INTO Product(Vegetarian, Quantity, Name, Storage_space, Price, Product_ID, Nut_free, Gluten_free, Vegan, Brand, Shelf_life, Type, Storage_ID, Person_ID) VALUES (1, 334, 'Product_46', 1, 5.45, 47, 1, 0, 0, 'Brand_10', 111, 'Mixer', 47, 47);
INSERT INTO Product(Vegetarian, Quantity, Name, Storage_space, Price, Product_ID, Nut_free, Gluten_free, Vegan, Brand, Shelf_life, Type, Storage_ID, Person_ID) VALUES (0, 76, 'Product_47', 10, 46.2, 48, 1, 1, 1, 'Brand_8', 226, 'Liquor', 48, 48);
INSERT INTO Product(Vegetarian, Quantity, Name, Storage_space, Price, Product_ID, Nut_free, Gluten_free, Vegan, Brand, Shelf_life, Type, Storage_ID, Person_ID) VALUES (0, 283, 'Product_48', 4, 74.41, 49, 0, 1, 0, 'Brand_1', 32, 'Ingredient', 49, 49);
INSERT INTO Product(Vegetarian, Quantity, Name, Storage_space, Price, Product_ID, Nut_free, Gluten_free, Vegan, Brand, Shelf_life, Type, Storage_ID, Person_ID) VALUES (0, 125, 'Product_49', 6, 34.65, 50, 0, 1, 1, 'Brand_3', 63, 'Liquor', 50, 50);
INSERT INTO Product(Vegetarian, Quantity, Name, Storage_space, Price, Product_ID, Nut_free, Gluten_free, Vegan, Brand, Shelf_life, Type, Storage_ID, Person_ID) VALUES (1, 495, 'Product_50', 5, 48.31, 51, 1, 1, 0, 'Brand_6', 280, 'Mixer', 51, 51);
INSERT INTO Product(Vegetarian, Quantity, Name, Storage_space, Price, Product_ID, Nut_free, Gluten_free, Vegan, Brand, Shelf_life, Type, Storage_ID, Person_ID) VALUES (0, 94, 'Product_51', 7, 6.82, 52, 0, 0, 0, 'Brand_1', 331, 'Ingredient', 52, 52);
INSERT INTO Product(Vegetarian, Quantity, Name, Storage_space, Price, Product_ID, Nut_free, Gluten_free, Vegan, Brand, Shelf_life, Type, Storage_ID, Person_ID) VALUES (0, 73, 'Product_52', 6, 72.56, 53, 0, 1, 1, 'Brand_9', 349, 'Liquor', 53, 53);
INSERT INTO Product(Vegetarian, Quantity, Name, Storage_space, Price, Product_ID, Nut_free, Gluten_free, Vegan, Brand, Shelf_life, Type, Storage_ID, Person_ID) VALUES (0, 348, 'Product_53', 2, 67.09, 54, 0, 0, 0, 'Brand_7', 257, 'Mixer', 54, 54);
INSERT INTO Product(Vegetarian, Quantity, Name, Storage_space, Price, Product_ID, Nut_free, Gluten_free, Vegan, Brand, Shelf_life, Type, Storage_ID, Person_ID) VALUES (0, 290, 'Product_54', 5, 50.07, 55, 0, 0, 0, 'Brand_5', 245, 'Ingredient', 55, 55);
INSERT INTO Product(Vegetarian, Quantity, Name, Storage_space, Price, Product_ID, Nut_free, Gluten_free, Vegan, Brand, Shelf_life, Type, Storage_ID, Person_ID) VALUES (0, 349, 'Product_55', 9, 30.65, 56, 0, 1, 0, 'Brand_9', 346, 'Liquor', 56, 56);
INSERT INTO Product(Vegetarian, Quantity, Name, Storage_space, Price, Product_ID, Nut_free, Gluten_free, Vegan, Brand, Shelf_life, Type, Storage_ID, Person_ID) VALUES (1, 68, 'Product_56', 2, 52.29, 57, 0, 1, 0, 'Brand_6', 239, 'Mixer', 57, 57);
INSERT INTO Product(Vegetarian, Quantity, Name, Storage_space, Price, Product_ID, Nut_free, Gluten_free, Vegan, Brand, Shelf_life, Type, Storage_ID, Person_ID) VALUES (0, 30, 'Product_57', 9, 52.15, 58, 0, 1, 1, 'Brand_4', 31, 'Liquor', 58, 58);
INSERT INTO Product(Vegetarian, Quantity, Name, Storage_space, Price, Product_ID, Nut_free, Gluten_free, Vegan, Brand, Shelf_life, Type, Storage_ID, Person_ID) VALUES (0, 474, 'Product_58', 2, 84.35, 59, 1, 0, 0, 'Brand_9', 68, 'Ingredient', 59, 59);
INSERT INTO Product(Vegetarian, Quantity, Name, Storage_space, Price, Product_ID, Nut_free, Gluten_free, Vegan, Brand, Shelf_life, Type, Storage_ID, Person_ID) VALUES (0, 473, 'Product_59', 5, 66.21, 60, 1, 1, 1, 'Brand_8', 55, 'Liquor', 60, 60);
INSERT INTO Product(Vegetarian, Quantity, Name, Storage_space, Price, Product_ID, Nut_free, Gluten_free, Vegan, Brand, Shelf_life, Type, Storage_ID, Person_ID) VALUES (0, 457, 'Product_60', 1, 85.96, 61, 1, 1, 1, 'Brand_2', 78, 'Liquor', 61, 61);
INSERT INTO Product(Vegetarian, Quantity, Name, Storage_space, Price, Product_ID, Nut_free, Gluten_free, Vegan, Brand, Shelf_life, Type, Storage_ID, Person_ID) VALUES (0, 446, 'Product_61', 3, 68.02, 62, 0, 1, 1, 'Brand_8', 348, 'Mixer', 62, 62);
INSERT INTO Product(Vegetarian, Quantity, Name, Storage_space, Price, Product_ID, Nut_free, Gluten_free, Vegan, Brand, Shelf_life, Type, Storage_ID, Person_ID) VALUES (0, 200, 'Product_62', 6, 22.37, 63, 1, 1, 1, 'Brand_5', 227, 'Ingredient', 63, 63);
INSERT INTO Product(Vegetarian, Quantity, Name, Storage_space, Price, Product_ID, Nut_free, Gluten_free, Vegan, Brand, Shelf_life, Type, Storage_ID, Person_ID) VALUES (1, 419, 'Product_63', 7, 66.64, 64, 0, 0, 0, 'Brand_1', 111, 'Liquor', 64, 64);
INSERT INTO Product(Vegetarian, Quantity, Name, Storage_space, Price, Product_ID, Nut_free, Gluten_free, Vegan, Brand, Shelf_life, Type, Storage_ID, Person_ID) VALUES (1, 476, 'Product_64', 10, 50.85, 65, 1, 0, 1, 'Brand_6', 343, 'Liquor', 65, 65);
INSERT INTO Product(Vegetarian, Quantity, Name, Storage_space, Price, Product_ID, Nut_free, Gluten_free, Vegan, Brand, Shelf_life, Type, Storage_ID, Person_ID) VALUES (0, 257, 'Product_65', 8, 15.73, 66, 1, 1, 0, 'Brand_2', 163, 'Ingredient', 66, 66);
INSERT INTO Product(Vegetarian, Quantity, Name, Storage_space, Price, Product_ID, Nut_free, Gluten_free, Vegan, Brand, Shelf_life, Type, Storage_ID, Person_ID) VALUES (1, 16, 'Product_66', 9, 77.92, 67, 0, 1, 0, 'Brand_7', 157, 'Mixer', 67, 67);
INSERT INTO Product(Vegetarian, Quantity, Name, Storage_space, Price, Product_ID, Nut_free, Gluten_free, Vegan, Brand, Shelf_life, Type, Storage_ID, Person_ID) VALUES (1, 349, 'Product_67', 7, 19.12, 68, 0, 0, 0, 'Brand_9', 270, 'Mixer', 68, 68);
INSERT INTO Product(Vegetarian, Quantity, Name, Storage_space, Price, Product_ID, Nut_free, Gluten_free, Vegan, Brand, Shelf_life, Type, Storage_ID, Person_ID) VALUES (0, 48, 'Product_68', 8, 35.46, 69, 1, 1, 0, 'Brand_9', 144, 'Ingredient', 69, 69);
INSERT INTO Product(Vegetarian, Quantity, Name, Storage_space, Price, Product_ID, Nut_free, Gluten_free, Vegan, Brand, Shelf_life, Type, Storage_ID, Person_ID) VALUES (1, 216, 'Product_69', 4, 12.49, 70, 1, 1, 0, 'Brand_8', 258, 'Mixer', 70, 70);
INSERT INTO Product(Vegetarian, Quantity, Name, Storage_space, Price, Product_ID, Nut_free, Gluten_free, Vegan, Brand, Shelf_life, Type, Storage_ID, Person_ID) VALUES (0, 264, 'Product_70', 1, 14.75, 71, 1, 0, 0, 'Brand_2', 339, 'Ingredient', 71, 71);
INSERT INTO Product(Vegetarian, Quantity, Name, Storage_space, Price, Product_ID, Nut_free, Gluten_free, Vegan, Brand, Shelf_life, Type, Storage_ID, Person_ID) VALUES (1, 465, 'Product_71', 9, 58.42, 72, 1, 1, 1, 'Brand_1', 144, 'Mixer', 72, 72);
INSERT INTO Product(Vegetarian, Quantity, Name, Storage_space, Price, Product_ID, Nut_free, Gluten_free, Vegan, Brand, Shelf_life, Type, Storage_ID, Person_ID) VALUES (1, 296, 'Product_72', 10, 62.0, 73, 1, 1, 0, 'Brand_2', 143, 'Liquor', 73, 73);
INSERT INTO Product(Vegetarian, Quantity, Name, Storage_space, Price, Product_ID, Nut_free, Gluten_free, Vegan, Brand, Shelf_life, Type, Storage_ID, Person_ID) VALUES (1, 191, 'Product_73', 5, 57.03, 74, 1, 0, 0, 'Brand_3', 282, 'Liquor', 74, 74);
INSERT INTO Product(Vegetarian, Quantity, Name, Storage_space, Price, Product_ID, Nut_free, Gluten_free, Vegan, Brand, Shelf_life, Type, Storage_ID, Person_ID) VALUES (1, 64, 'Product_74', 5, 63.03, 75, 0, 0, 1, 'Brand_4', 264, 'Liquor', 75, 75);
INSERT INTO Product(Vegetarian, Quantity, Name, Storage_space, Price, Product_ID, Nut_free, Gluten_free, Vegan, Brand, Shelf_life, Type, Storage_ID, Person_ID) VALUES (1, 65, 'Product_75', 7, 9.42, 76, 0, 1, 1, 'Brand_10', 288, 'Liquor', 76, 76);
INSERT INTO Product(Vegetarian, Quantity, Name, Storage_space, Price, Product_ID, Nut_free, Gluten_free, Vegan, Brand, Shelf_life, Type, Storage_ID, Person_ID) VALUES (1, 12, 'Product_76', 9, 74.94, 77, 1, 1, 0, 'Brand_10', 118, 'Ingredient', 77, 77);
INSERT INTO Product(Vegetarian, Quantity, Name, Storage_space, Price, Product_ID, Nut_free, Gluten_free, Vegan, Brand, Shelf_life, Type, Storage_ID, Person_ID) VALUES (0, 63, 'Product_77', 7, 67.46, 78, 1, 1, 1, 'Brand_10', 157, 'Mixer', 78, 78);
INSERT INTO Product(Vegetarian, Quantity, Name, Storage_space, Price, Product_ID, Nut_free, Gluten_free, Vegan, Brand, Shelf_life, Type, Storage_ID, Person_ID) VALUES (1, 185, 'Product_78', 5, 48.02, 79, 0, 0, 1, 'Brand_10', 292, 'Mixer', 79, 79);
INSERT INTO Product(Vegetarian, Quantity, Name, Storage_space, Price, Product_ID, Nut_free, Gluten_free, Vegan, Brand, Shelf_life, Type, Storage_ID, Person_ID) VALUES (1, 374, 'Product_79', 9, 65.1, 80, 0, 0, 1, 'Brand_6', 97, 'Ingredient', 80, 80);
INSERT INTO Product(Vegetarian, Quantity, Name, Storage_space, Price, Product_ID, Nut_free, Gluten_free, Vegan, Brand, Shelf_life, Type, Storage_ID, Person_ID) VALUES (0, 267, 'Product_80', 9, 70.96, 81, 1, 0, 1, 'Brand_9', 275, 'Ingredient', 81, 81);
INSERT INTO Product(Vegetarian, Quantity, Name, Storage_space, Price, Product_ID, Nut_free, Gluten_free, Vegan, Brand, Shelf_life, Type, Storage_ID, Person_ID) VALUES (1, 355, 'Product_81', 9, 32.16, 82, 1, 0, 0, 'Brand_1', 225, 'Liquor', 82, 82);
INSERT INTO Product(Vegetarian, Quantity, Name, Storage_space, Price, Product_ID, Nut_free, Gluten_free, Vegan, Brand, Shelf_life, Type, Storage_ID, Person_ID) VALUES (0, 353, 'Product_82', 1, 23.99, 83, 0, 1, 1, 'Brand_3', 61, 'Ingredient', 83, 83);
INSERT INTO Product(Vegetarian, Quantity, Name, Storage_space, Price, Product_ID, Nut_free, Gluten_free, Vegan, Brand, Shelf_life, Type, Storage_ID, Person_ID) VALUES (1, 114, 'Product_83', 9, 8.07, 84, 1, 0, 0, 'Brand_9', 229, 'Liquor', 84, 84);
INSERT INTO Product(Vegetarian, Quantity, Name, Storage_space, Price, Product_ID, Nut_free, Gluten_free, Vegan, Brand, Shelf_life, Type, Storage_ID, Person_ID) VALUES (1, 364, 'Product_84', 1, 93.02, 85, 1, 1, 1, 'Brand_9', 57, 'Liquor', 85, 85);
INSERT INTO Product(Vegetarian, Quantity, Name, Storage_space, Price, Product_ID, Nut_free, Gluten_free, Vegan, Brand, Shelf_life, Type, Storage_ID, Person_ID) VALUES (1, 113, 'Product_85', 10, 87.54, 86, 1, 0, 1, 'Brand_10', 309, 'Ingredient', 86, 86);
INSERT INTO Product(Vegetarian, Quantity, Name, Storage_space, Price, Product_ID, Nut_free, Gluten_free, Vegan, Brand, Shelf_life, Type, Storage_ID, Person_ID) VALUES (0, 407, 'Product_86', 4, 32.95, 87, 0, 0, 0, 'Brand_3', 293, 'Liquor', 87, 87);
INSERT INTO Product(Vegetarian, Quantity, Name, Storage_space, Price, Product_ID, Nut_free, Gluten_free, Vegan, Brand, Shelf_life, Type, Storage_ID, Person_ID) VALUES (1, 30, 'Product_87', 7, 31.52, 88, 1, 0, 0, 'Brand_10', 160, 'Liquor', 88, 88);
INSERT INTO Product(Vegetarian, Quantity, Name, Storage_space, Price, Product_ID, Nut_free, Gluten_free, Vegan, Brand, Shelf_life, Type, Storage_ID, Person_ID) VALUES (1, 248, 'Product_88', 3, 8.79, 89, 1, 0, 1, 'Brand_8', 323, 'Ingredient', 89, 89);
INSERT INTO Product(Vegetarian, Quantity, Name, Storage_space, Price, Product_ID, Nut_free, Gluten_free, Vegan, Brand, Shelf_life, Type, Storage_ID, Person_ID) VALUES (1, 47, 'Product_89', 6, 54.91, 90, 0, 0, 0, 'Brand_7', 308, 'Ingredient', 90, 90);
INSERT INTO Product(Vegetarian, Quantity, Name, Storage_space, Price, Product_ID, Nut_free, Gluten_free, Vegan, Brand, Shelf_life, Type, Storage_ID, Person_ID) VALUES (1, 57, 'Product_90', 6, 26.01, 91, 0, 1, 1, 'Brand_6', 180, 'Liquor', 91, 91);
INSERT INTO Product(Vegetarian, Quantity, Name, Storage_space, Price, Product_ID, Nut_free, Gluten_free, Vegan, Brand, Shelf_life, Type, Storage_ID, Person_ID) VALUES (1, 297, 'Product_91', 1, 15.9, 92, 1, 1, 0, 'Brand_10', 348, 'Liquor', 92, 92);
INSERT INTO Product(Vegetarian, Quantity, Name, Storage_space, Price, Product_ID, Nut_free, Gluten_free, Vegan, Brand, Shelf_life, Type, Storage_ID, Person_ID) VALUES (0, 359, 'Product_92', 6, 41.23, 93, 0, 1, 1, 'Brand_9', 174, 'Liquor', 93, 93);
INSERT INTO Product(Vegetarian, Quantity, Name, Storage_space, Price, Product_ID, Nut_free, Gluten_free, Vegan, Brand, Shelf_life, Type, Storage_ID, Person_ID) VALUES (1, 273, 'Product_93', 9, 47.33, 94, 0, 1, 0, 'Brand_6', 293, 'Liquor', 94, 94);
INSERT INTO Product(Vegetarian, Quantity, Name, Storage_space, Price, Product_ID, Nut_free, Gluten_free, Vegan, Brand, Shelf_life, Type, Storage_ID, Person_ID) VALUES (0, 95, 'Product_94', 9, 55.65, 95, 0, 0, 0, 'Brand_7', 83, 'Liquor', 95, 95);
INSERT INTO Product(Vegetarian, Quantity, Name, Storage_space, Price, Product_ID, Nut_free, Gluten_free, Vegan, Brand, Shelf_life, Type, Storage_ID, Person_ID) VALUES (1, 341, 'Product_95', 2, 75.95, 96, 0, 0, 1, 'Brand_6', 49, 'Liquor', 96, 96);
INSERT INTO Product(Vegetarian, Quantity, Name, Storage_space, Price, Product_ID, Nut_free, Gluten_free, Vegan, Brand, Shelf_life, Type, Storage_ID, Person_ID) VALUES (0, 37, 'Product_96', 3, 80.45, 97, 0, 0, 1, 'Brand_7', 228, 'Mixer', 97, 97);
INSERT INTO Product(Vegetarian, Quantity, Name, Storage_space, Price, Product_ID, Nut_free, Gluten_free, Vegan, Brand, Shelf_life, Type, Storage_ID, Person_ID) VALUES (1, 231, 'Product_97', 6, 6.6, 98, 0, 0, 0, 'Brand_10', 53, 'Ingredient', 98, 98);
INSERT INTO Product(Vegetarian, Quantity, Name, Storage_space, Price, Product_ID, Nut_free, Gluten_free, Vegan, Brand, Shelf_life, Type, Storage_ID, Person_ID) VALUES (0, 193, 'Product_98', 9, 15.08, 99, 1, 0, 1, 'Brand_8', 225, 'Mixer', 99, 99);
INSERT INTO Product(Vegetarian, Quantity, Name, Storage_space, Price, Product_ID, Nut_free, Gluten_free, Vegan, Brand, Shelf_life, Type, Storage_ID, Person_ID) VALUES (0, 252, 'Product_99', 3, 55.68, 100, 0, 1, 1, 'Brand_3', 182, 'Ingredient', 100, 100);
INSERT INTO Product(Vegetarian, Quantity, Name, Storage_space, Price, Product_ID, Nut_free, Gluten_free, Vegan, Brand, Shelf_life, Type, Storage_ID, Person_ID) VALUES (1, 500, 'Product_100', 1, 57.58, 101, 0, 0, 0, 'Brand_1', 323, 'Ingredient', 101, 101);
INSERT INTO Product(Vegetarian, Quantity, Name, Storage_space, Price, Product_ID, Nut_free, Gluten_free, Vegan, Brand, Shelf_life, Type, Storage_ID, Person_ID) VALUES (1, 285, 'Product_101', 9, 94.96, 102, 1, 0, 1, 'Brand_4', 241, 'Ingredient', 102, 102);
INSERT INTO Product(Vegetarian, Quantity, Name, Storage_space, Price, Product_ID, Nut_free, Gluten_free, Vegan, Brand, Shelf_life, Type, Storage_ID, Person_ID) VALUES (0, 92, 'Product_102', 3, 25.97, 103, 1, 0, 0, 'Brand_3', 320, 'Liquor', 103, 103);
INSERT INTO Product(Vegetarian, Quantity, Name, Storage_space, Price, Product_ID, Nut_free, Gluten_free, Vegan, Brand, Shelf_life, Type, Storage_ID, Person_ID) VALUES (1, 340, 'Product_103', 9, 11.95, 104, 0, 1, 0, 'Brand_4', 327, 'Mixer', 104, 104);
INSERT INTO Product(Vegetarian, Quantity, Name, Storage_space, Price, Product_ID, Nut_free, Gluten_free, Vegan, Brand, Shelf_life, Type, Storage_ID, Person_ID) VALUES (1, 192, 'Product_104', 3, 68.77, 105, 0, 0, 1, 'Brand_10', 65, 'Liquor', 105, 105);
INSERT INTO Product(Vegetarian, Quantity, Name, Storage_space, Price, Product_ID, Nut_free, Gluten_free, Vegan, Brand, Shelf_life, Type, Storage_ID, Person_ID) VALUES (1, 258, 'Product_105', 8, 36.19, 106, 1, 0, 1, 'Brand_6', 249, 'Liquor', 106, 106);
INSERT INTO Product(Vegetarian, Quantity, Name, Storage_space, Price, Product_ID, Nut_free, Gluten_free, Vegan, Brand, Shelf_life, Type, Storage_ID, Person_ID) VALUES (0, 170, 'Product_106', 4, 79.64, 107, 1, 1, 1, 'Brand_3', 199, 'Mixer', 107, 107);
INSERT INTO Product(Vegetarian, Quantity, Name, Storage_space, Price, Product_ID, Nut_free, Gluten_free, Vegan, Brand, Shelf_life, Type, Storage_ID, Person_ID) VALUES (1, 238, 'Product_107', 6, 78.6, 108, 1, 0, 0, 'Brand_10', 71, 'Mixer', 108, 108);
INSERT INTO Product(Vegetarian, Quantity, Name, Storage_space, Price, Product_ID, Nut_free, Gluten_free, Vegan, Brand, Shelf_life, Type, Storage_ID, Person_ID) VALUES (0, 466, 'Product_108', 9, 23.66, 109, 0, 0, 0, 'Brand_9', 353, 'Liquor', 109, 109);
INSERT INTO Product(Vegetarian, Quantity, Name, Storage_space, Price, Product_ID, Nut_free, Gluten_free, Vegan, Brand, Shelf_life, Type, Storage_ID, Person_ID) VALUES (1, 403, 'Product_109', 10, 25.21, 110, 0, 1, 1, 'Brand_3', 217, 'Mixer', 110, 110);
INSERT INTO Product(Vegetarian, Quantity, Name, Storage_space, Price, Product_ID, Nut_free, Gluten_free, Vegan, Brand, Shelf_life, Type, Storage_ID, Person_ID) VALUES (0, 466, 'Product_110', 10, 74.66, 111, 1, 0, 1, 'Brand_9', 291, 'Liquor', 111, 111);
INSERT INTO Product(Vegetarian, Quantity, Name, Storage_space, Price, Product_ID, Nut_free, Gluten_free, Vegan, Brand, Shelf_life, Type, Storage_ID, Person_ID) VALUES (1, 196, 'Product_111', 9, 6.01, 112, 0, 0, 0, 'Brand_8', 111, 'Liquor', 112, 112);
INSERT INTO Product(Vegetarian, Quantity, Name, Storage_space, Price, Product_ID, Nut_free, Gluten_free, Vegan, Brand, Shelf_life, Type, Storage_ID, Person_ID) VALUES (0, 386, 'Product_112', 8, 94.22, 113, 0, 0, 1, 'Brand_4', 62, 'Mixer', 113, 113);
INSERT INTO Product(Vegetarian, Quantity, Name, Storage_space, Price, Product_ID, Nut_free, Gluten_free, Vegan, Brand, Shelf_life, Type, Storage_ID, Person_ID) VALUES (1, 129, 'Product_113', 1, 68.52, 114, 1, 1, 1, 'Brand_8', 53, 'Liquor', 114, 114);
INSERT INTO Product(Vegetarian, Quantity, Name, Storage_space, Price, Product_ID, Nut_free, Gluten_free, Vegan, Brand, Shelf_life, Type, Storage_ID, Person_ID) VALUES (1, 62, 'Product_114', 9, 65.19, 115, 1, 1, 0, 'Brand_7', 364, 'Mixer', 115, 115);
INSERT INTO Product(Vegetarian, Quantity, Name, Storage_space, Price, Product_ID, Nut_free, Gluten_free, Vegan, Brand, Shelf_life, Type, Storage_ID, Person_ID) VALUES (1, 310, 'Product_115', 2, 54.08, 116, 1, 0, 1, 'Brand_6', 206, 'Mixer', 116, 116);
INSERT INTO Product(Vegetarian, Quantity, Name, Storage_space, Price, Product_ID, Nut_free, Gluten_free, Vegan, Brand, Shelf_life, Type, Storage_ID, Person_ID) VALUES (1, 464, 'Product_116', 10, 5.63, 117, 0, 1, 0, 'Brand_4', 69, 'Ingredient', 117, 117);
INSERT INTO Product(Vegetarian, Quantity, Name, Storage_space, Price, Product_ID, Nut_free, Gluten_free, Vegan, Brand, Shelf_life, Type, Storage_ID, Person_ID) VALUES (1, 118, 'Product_117', 3, 22.76, 118, 1, 0, 0, 'Brand_7', 199, 'Ingredient', 118, 118);
INSERT INTO Product(Vegetarian, Quantity, Name, Storage_space, Price, Product_ID, Nut_free, Gluten_free, Vegan, Brand, Shelf_life, Type, Storage_ID, Person_ID) VALUES (0, 256, 'Product_118', 8, 50.51, 119, 0, 1, 0, 'Brand_4', 52, 'Liquor', 119, 119);
INSERT INTO Product(Vegetarian, Quantity, Name, Storage_space, Price, Product_ID, Nut_free, Gluten_free, Vegan, Brand, Shelf_life, Type, Storage_ID, Person_ID) VALUES (0, 78, 'Product_119', 9, 8.72, 120, 0, 0, 0, 'Brand_5', 122, 'Ingredient', 120, 120);
INSERT INTO Product(Vegetarian, Quantity, Name, Storage_space, Price, Product_ID, Nut_free, Gluten_free, Vegan, Brand, Shelf_life, Type, Storage_ID, Person_ID) VALUES (1, 316, 'Product_120', 10, 65.57, 121, 1, 0, 0, 'Brand_8', 340, 'Mixer', 121, 121);
INSERT INTO Product(Vegetarian, Quantity, Name, Storage_space, Price, Product_ID, Nut_free, Gluten_free, Vegan, Brand, Shelf_life, Type, Storage_ID, Person_ID) VALUES (1, 97, 'Product_121', 4, 83.88, 122, 0, 0, 1, 'Brand_3', 205, 'Mixer', 122, 122);
INSERT INTO Product(Vegetarian, Quantity, Name, Storage_space, Price, Product_ID, Nut_free, Gluten_free, Vegan, Brand, Shelf_life, Type, Storage_ID, Person_ID) VALUES (0, 127, 'Product_122', 7, 41.62, 123, 0, 0, 0, 'Brand_9', 288, 'Ingredient', 123, 123);
INSERT INTO Product(Vegetarian, Quantity, Name, Storage_space, Price, Product_ID, Nut_free, Gluten_free, Vegan, Brand, Shelf_life, Type, Storage_ID, Person_ID) VALUES (1, 433, 'Product_123', 3, 62.52, 124, 0, 1, 0, 'Brand_9', 287, 'Liquor', 124, 124);
INSERT INTO Product(Vegetarian, Quantity, Name, Storage_space, Price, Product_ID, Nut_free, Gluten_free, Vegan, Brand, Shelf_life, Type, Storage_ID, Person_ID) VALUES (0, 256, 'Product_124', 3, 90.69, 125, 0, 1, 1, 'Brand_6', 52, 'Ingredient', 125, 125);
INSERT INTO Product(Vegetarian, Quantity, Name, Storage_space, Price, Product_ID, Nut_free, Gluten_free, Vegan, Brand, Shelf_life, Type, Storage_ID, Person_ID) VALUES (1, 127, 'Product_125', 8, 80.01, 126, 1, 1, 0, 'Brand_7', 98, 'Mixer', 126, 126);
INSERT INTO Product(Vegetarian, Quantity, Name, Storage_space, Price, Product_ID, Nut_free, Gluten_free, Vegan, Brand, Shelf_life, Type, Storage_ID, Person_ID) VALUES (1, 402, 'Product_126', 4, 91.46, 127, 0, 1, 1, 'Brand_5', 126, 'Liquor', 127, 127);
INSERT INTO Product(Vegetarian, Quantity, Name, Storage_space, Price, Product_ID, Nut_free, Gluten_free, Vegan, Brand, Shelf_life, Type, Storage_ID, Person_ID) VALUES (0, 305, 'Product_127', 9, 16.19, 128, 0, 1, 0, 'Brand_6', 239, 'Mixer', 128, 128);
INSERT INTO Product(Vegetarian, Quantity, Name, Storage_space, Price, Product_ID, Nut_free, Gluten_free, Vegan, Brand, Shelf_life, Type, Storage_ID, Person_ID) VALUES (0, 89, 'Product_128', 7, 66.9, 129, 1, 1, 1, 'Brand_10', 217, 'Ingredient', 129, 129);
INSERT INTO Product(Vegetarian, Quantity, Name, Storage_space, Price, Product_ID, Nut_free, Gluten_free, Vegan, Brand, Shelf_life, Type, Storage_ID, Person_ID) VALUES (1, 358, 'Product_129', 7, 76.72, 130, 1, 1, 0, 'Brand_6', 316, 'Ingredient', 130, 130);
INSERT INTO Product(Vegetarian, Quantity, Name, Storage_space, Price, Product_ID, Nut_free, Gluten_free, Vegan, Brand, Shelf_life, Type, Storage_ID, Person_ID) VALUES (1, 139, 'Product_130', 5, 59.88, 131, 1, 0, 0, 'Brand_4', 258, 'Ingredient', 131, 131);
INSERT INTO Product(Vegetarian, Quantity, Name, Storage_space, Price, Product_ID, Nut_free, Gluten_free, Vegan, Brand, Shelf_life, Type, Storage_ID, Person_ID) VALUES (0, 61, 'Product_131', 4, 53.29, 132, 1, 0, 0, 'Brand_7', 355, 'Liquor', 132, 132);
INSERT INTO Product(Vegetarian, Quantity, Name, Storage_space, Price, Product_ID, Nut_free, Gluten_free, Vegan, Brand, Shelf_life, Type, Storage_ID, Person_ID) VALUES (0, 431, 'Product_132', 3, 49.81, 133, 1, 0, 0, 'Brand_5', 143, 'Mixer', 133, 133);
INSERT INTO Product(Vegetarian, Quantity, Name, Storage_space, Price, Product_ID, Nut_free, Gluten_free, Vegan, Brand, Shelf_life, Type, Storage_ID, Person_ID) VALUES (0, 321, 'Product_133', 1, 73.83, 134, 1, 1, 0, 'Brand_3', 357, 'Mixer', 134, 134);
INSERT INTO Product(Vegetarian, Quantity, Name, Storage_space, Price, Product_ID, Nut_free, Gluten_free, Vegan, Brand, Shelf_life, Type, Storage_ID, Person_ID) VALUES (1, 15, 'Product_134', 4, 85.8, 135, 1, 0, 0, 'Brand_10', 291, 'Ingredient', 135, 135);
INSERT INTO Product(Vegetarian, Quantity, Name, Storage_space, Price, Product_ID, Nut_free, Gluten_free, Vegan, Brand, Shelf_life, Type, Storage_ID, Person_ID) VALUES (0, 324, 'Product_135', 3, 69.03, 136, 1, 0, 0, 'Brand_3', 74, 'Mixer', 136, 136);
INSERT INTO Product(Vegetarian, Quantity, Name, Storage_space, Price, Product_ID, Nut_free, Gluten_free, Vegan, Brand, Shelf_life, Type, Storage_ID, Person_ID) VALUES (1, 190, 'Product_136', 7, 43.52, 137, 0, 0, 0, 'Brand_2', 311, 'Mixer', 137, 137);
INSERT INTO Product(Vegetarian, Quantity, Name, Storage_space, Price, Product_ID, Nut_free, Gluten_free, Vegan, Brand, Shelf_life, Type, Storage_ID, Person_ID) VALUES (1, 187, 'Product_137', 5, 26.5, 138, 0, 1, 1, 'Brand_10', 32, 'Mixer', 138, 138);
INSERT INTO Product(Vegetarian, Quantity, Name, Storage_space, Price, Product_ID, Nut_free, Gluten_free, Vegan, Brand, Shelf_life, Type, Storage_ID, Person_ID) VALUES (0, 218, 'Product_138', 9, 15.11, 139, 0, 1, 1, 'Brand_2', 292, 'Mixer', 139, 139);
INSERT INTO Product(Vegetarian, Quantity, Name, Storage_space, Price, Product_ID, Nut_free, Gluten_free, Vegan, Brand, Shelf_life, Type, Storage_ID, Person_ID) VALUES (1, 365, 'Product_139', 8, 96.78, 140, 1, 0, 1, 'Brand_8', 265, 'Ingredient', 140, 140);
INSERT INTO Product(Vegetarian, Quantity, Name, Storage_space, Price, Product_ID, Nut_free, Gluten_free, Vegan, Brand, Shelf_life, Type, Storage_ID, Person_ID) VALUES (0, 256, 'Product_140', 2, 29.49, 141, 1, 0, 0, 'Brand_6', 241, 'Mixer', 141, 141);
INSERT INTO Product(Vegetarian, Quantity, Name, Storage_space, Price, Product_ID, Nut_free, Gluten_free, Vegan, Brand, Shelf_life, Type, Storage_ID, Person_ID) VALUES (0, 368, 'Product_141', 5, 28.58, 142, 0, 1, 1, 'Brand_2', 313, 'Liquor', 142, 142);
INSERT INTO Product(Vegetarian, Quantity, Name, Storage_space, Price, Product_ID, Nut_free, Gluten_free, Vegan, Brand, Shelf_life, Type, Storage_ID, Person_ID) VALUES (1, 170, 'Product_142', 6, 25.76, 143, 1, 0, 0, 'Brand_8', 132, 'Liquor', 143, 143);
INSERT INTO Product(Vegetarian, Quantity, Name, Storage_space, Price, Product_ID, Nut_free, Gluten_free, Vegan, Brand, Shelf_life, Type, Storage_ID, Person_ID) VALUES (0, 456, 'Product_143', 5, 24.64, 144, 0, 0, 1, 'Brand_3', 84, 'Liquor', 144, 144);
INSERT INTO Product(Vegetarian, Quantity, Name, Storage_space, Price, Product_ID, Nut_free, Gluten_free, Vegan, Brand, Shelf_life, Type, Storage_ID, Person_ID) VALUES (0, 356, 'Product_144', 8, 63.31, 145, 0, 1, 1, 'Brand_10', 191, 'Mixer', 145, 145);
INSERT INTO Product(Vegetarian, Quantity, Name, Storage_space, Price, Product_ID, Nut_free, Gluten_free, Vegan, Brand, Shelf_life, Type, Storage_ID, Person_ID) VALUES (1, 261, 'Product_145', 3, 98.52, 146, 1, 1, 0, 'Brand_10', 95, 'Liquor', 146, 146);
INSERT INTO Product(Vegetarian, Quantity, Name, Storage_space, Price, Product_ID, Nut_free, Gluten_free, Vegan, Brand, Shelf_life, Type, Storage_ID, Person_ID) VALUES (1, 254, 'Product_146', 9, 8.09, 147, 1, 1, 0, 'Brand_8', 91, 'Ingredient', 147, 147);
INSERT INTO Product(Vegetarian, Quantity, Name, Storage_space, Price, Product_ID, Nut_free, Gluten_free, Vegan, Brand, Shelf_life, Type, Storage_ID, Person_ID) VALUES (1, 171, 'Product_147', 1, 6.12, 148, 0, 1, 0, 'Brand_6', 215, 'Ingredient', 148, 148);
INSERT INTO Product(Vegetarian, Quantity, Name, Storage_space, Price, Product_ID, Nut_free, Gluten_free, Vegan, Brand, Shelf_life, Type, Storage_ID, Person_ID) VALUES (1, 105, 'Product_148', 9, 29.97, 149, 1, 1, 1, 'Brand_6', 124, 'Mixer', 149, 149);
INSERT INTO Product(Vegetarian, Quantity, Name, Storage_space, Price, Product_ID, Nut_free, Gluten_free, Vegan, Brand, Shelf_life, Type, Storage_ID, Person_ID) VALUES (1, 117, 'Product_149', 7, 71.57, 150, 1, 1, 1, 'Brand_5', 260, 'Liquor', 150, 150);
INSERT INTO Drink(Type, Name, Price, Flavor, Sugar_Free, Drink_ID, Carbonation, Serving_Size, Alcohol_Content, Prep_time, Person_ID) VALUES ('Beer', 'Drink_0', 58.96, 'Sour', 0, 1, 0, 469, 10.8, 4, 1);
INSERT INTO Drink(Type, Name, Price, Flavor, Sugar_Free, Drink_ID, Carbonation, Serving_Size, Alcohol_Content, Prep_time, Person_ID) VALUES ('Soda', 'Drink_1', 52.82, 'Sweet', 0, 2, 0, 342, 32.23, 3, 2);
INSERT INTO Drink(Type, Name, Price, Flavor, Sugar_Free, Drink_ID, Carbonation, Serving_Size, Alcohol_Content, Prep_time, Person_ID) VALUES ('Soda', 'Drink_2', 34.98, 'Sour', 1, 3, 1, 253, 10.04, 10, 3);
INSERT INTO Drink(Type, Name, Price, Flavor, Sugar_Free, Drink_ID, Carbonation, Serving_Size, Alcohol_Content, Prep_time, Person_ID) VALUES ('Cocktail', 'Drink_3', 29.92, 'Sour', 0, 4, 0, 210, 32.55, 8, 4);
INSERT INTO Drink(Type, Name, Price, Flavor, Sugar_Free, Drink_ID, Carbonation, Serving_Size, Alcohol_Content, Prep_time, Person_ID) VALUES ('Cocktail', 'Drink_4', 32.49, 'Bitter', 1, 5, 1, 284, 22.41, 5, 5);
INSERT INTO Drink(Type, Name, Price, Flavor, Sugar_Free, Drink_ID, Carbonation, Serving_Size, Alcohol_Content, Prep_time, Person_ID) VALUES ('Wine', 'Drink_5', 10.99, 'Sweet', 1, 6, 0, 395, 23.04, 9, 6);
INSERT INTO Drink(Type, Name, Price, Flavor, Sugar_Free, Drink_ID, Carbonation, Serving_Size, Alcohol_Content, Prep_time, Person_ID) VALUES ('Beer', 'Drink_6', 58.97, 'Bitter', 1, 7, 1, 444, 20.42, 8, 7);
INSERT INTO Drink(Type, Name, Price, Flavor, Sugar_Free, Drink_ID, Carbonation, Serving_Size, Alcohol_Content, Prep_time, Person_ID) VALUES ('Cocktail', 'Drink_7', 29.05, 'Bitter', 1, 8, 0, 185, 25.62, 6, 8);
INSERT INTO Drink(Type, Name, Price, Flavor, Sugar_Free, Drink_ID, Carbonation, Serving_Size, Alcohol_Content, Prep_time, Person_ID) VALUES ('Soda', 'Drink_8', 41.56, 'Sour', 1, 9, 0, 140, 6.48, 4, 9);
INSERT INTO Drink(Type, Name, Price, Flavor, Sugar_Free, Drink_ID, Carbonation, Serving_Size, Alcohol_Content, Prep_time, Person_ID) VALUES ('Wine', 'Drink_9', 25.84, 'Bitter', 1, 10, 1, 238, 35.51, 6, 10);
INSERT INTO Drink(Type, Name, Price, Flavor, Sugar_Free, Drink_ID, Carbonation, Serving_Size, Alcohol_Content, Prep_time, Person_ID) VALUES ('Soda', 'Drink_10', 30.7, 'Sweet', 0, 11, 0, 472, 9.39, 5, 11);
INSERT INTO Drink(Type, Name, Price, Flavor, Sugar_Free, Drink_ID, Carbonation, Serving_Size, Alcohol_Content, Prep_time, Person_ID) VALUES ('Cocktail', 'Drink_11', 20.53, 'Bitter', 0, 12, 0, 132, 37.47, 8, 12);
INSERT INTO Drink(Type, Name, Price, Flavor, Sugar_Free, Drink_ID, Carbonation, Serving_Size, Alcohol_Content, Prep_time, Person_ID) VALUES ('Cocktail', 'Drink_12', 11.32, 'Bitter', 0, 13, 0, 234, 24.72, 2, 13);
INSERT INTO Drink(Type, Name, Price, Flavor, Sugar_Free, Drink_ID, Carbonation, Serving_Size, Alcohol_Content, Prep_time, Person_ID) VALUES ('Soda', 'Drink_13', 25.47, 'Sweet', 1, 14, 1, 420, 5.06, 9, 14);
INSERT INTO Drink(Type, Name, Price, Flavor, Sugar_Free, Drink_ID, Carbonation, Serving_Size, Alcohol_Content, Prep_time, Person_ID) VALUES ('Beer', 'Drink_14', 11.43, 'Sour', 1, 15, 1, 343, 18.69, 9, 15);
INSERT INTO Drink(Type, Name, Price, Flavor, Sugar_Free, Drink_ID, Carbonation, Serving_Size, Alcohol_Content, Prep_time, Person_ID) VALUES ('Wine', 'Drink_15', 37.43, 'Sweet', 0, 16, 1, 423, 29.96, 10, 16);
INSERT INTO Drink(Type, Name, Price, Flavor, Sugar_Free, Drink_ID, Carbonation, Serving_Size, Alcohol_Content, Prep_time, Person_ID) VALUES ('Soda', 'Drink_16', 36.17, 'Sour', 1, 17, 1, 346, 21.59, 2, 17);
INSERT INTO Drink(Type, Name, Price, Flavor, Sugar_Free, Drink_ID, Carbonation, Serving_Size, Alcohol_Content, Prep_time, Person_ID) VALUES ('Soda', 'Drink_17', 25.39, 'Bitter', 1, 18, 0, 255, 0.42, 9, 18);
INSERT INTO Drink(Type, Name, Price, Flavor, Sugar_Free, Drink_ID, Carbonation, Serving_Size, Alcohol_Content, Prep_time, Person_ID) VALUES ('Beer', 'Drink_18', 27.19, 'Bitter', 0, 19, 1, 486, 19.08, 1, 19);
INSERT INTO Drink(Type, Name, Price, Flavor, Sugar_Free, Drink_ID, Carbonation, Serving_Size, Alcohol_Content, Prep_time, Person_ID) VALUES ('Soda', 'Drink_19', 49.9, 'Sour', 0, 20, 0, 380, 14.95, 7, 20);
INSERT INTO Drink(Type, Name, Price, Flavor, Sugar_Free, Drink_ID, Carbonation, Serving_Size, Alcohol_Content, Prep_time, Person_ID) VALUES ('Soda', 'Drink_20', 29.74, 'Sweet', 1, 21, 1, 212, 10.52, 7, 21);
INSERT INTO Drink(Type, Name, Price, Flavor, Sugar_Free, Drink_ID, Carbonation, Serving_Size, Alcohol_Content, Prep_time, Person_ID) VALUES ('Beer', 'Drink_21', 35.83, 'Sour', 1, 22, 1, 432, 29.72, 5, 22);
INSERT INTO Drink(Type, Name, Price, Flavor, Sugar_Free, Drink_ID, Carbonation, Serving_Size, Alcohol_Content, Prep_time, Person_ID) VALUES ('Soda', 'Drink_22', 19.4, 'Sweet', 0, 23, 0, 248, 4.41, 8, 23);
INSERT INTO Drink(Type, Name, Price, Flavor, Sugar_Free, Drink_ID, Carbonation, Serving_Size, Alcohol_Content, Prep_time, Person_ID) VALUES ('Soda', 'Drink_23', 23.61, 'Sour', 1, 24, 0, 264, 0.78, 1, 24);
INSERT INTO Drink(Type, Name, Price, Flavor, Sugar_Free, Drink_ID, Carbonation, Serving_Size, Alcohol_Content, Prep_time, Person_ID) VALUES ('Cocktail', 'Drink_24', 19.3, 'Sweet', 1, 25, 1, 164, 28.61, 1, 25);
INSERT INTO Drink(Type, Name, Price, Flavor, Sugar_Free, Drink_ID, Carbonation, Serving_Size, Alcohol_Content, Prep_time, Person_ID) VALUES ('Beer', 'Drink_25', 14.51, 'Sweet', 1, 26, 0, 275, 16.81, 8, 26);
INSERT INTO Drink(Type, Name, Price, Flavor, Sugar_Free, Drink_ID, Carbonation, Serving_Size, Alcohol_Content, Prep_time, Person_ID) VALUES ('Wine', 'Drink_26', 33.18, 'Sweet', 1, 27, 0, 484, 38.07, 1, 27);
INSERT INTO Drink(Type, Name, Price, Flavor, Sugar_Free, Drink_ID, Carbonation, Serving_Size, Alcohol_Content, Prep_time, Person_ID) VALUES ('Wine', 'Drink_27', 48.78, 'Sweet', 1, 28, 0, 198, 35.83, 5, 28);
INSERT INTO Drink(Type, Name, Price, Flavor, Sugar_Free, Drink_ID, Carbonation, Serving_Size, Alcohol_Content, Prep_time, Person_ID) VALUES ('Soda', 'Drink_28', 51.41, 'Sweet', 0, 29, 1, 494, 39.0, 4, 29);
INSERT INTO Drink(Type, Name, Price, Flavor, Sugar_Free, Drink_ID, Carbonation, Serving_Size, Alcohol_Content, Prep_time, Person_ID) VALUES ('Cocktail', 'Drink_29', 19.96, 'Sour', 0, 30, 0, 342, 15.56, 5, 30);
INSERT INTO Drink(Type, Name, Price, Flavor, Sugar_Free, Drink_ID, Carbonation, Serving_Size, Alcohol_Content, Prep_time, Person_ID) VALUES ('Wine', 'Drink_30', 17.93, 'Sour', 0, 31, 0, 229, 19.25, 5, 31);
INSERT INTO Drink(Type, Name, Price, Flavor, Sugar_Free, Drink_ID, Carbonation, Serving_Size, Alcohol_Content, Prep_time, Person_ID) VALUES ('Beer', 'Drink_31', 28.02, 'Sweet', 0, 32, 0, 220, 25.32, 6, 32);
INSERT INTO Drink(Type, Name, Price, Flavor, Sugar_Free, Drink_ID, Carbonation, Serving_Size, Alcohol_Content, Prep_time, Person_ID) VALUES ('Cocktail', 'Drink_32', 18.37, 'Bitter', 0, 33, 1, 224, 0.36, 1, 33);
INSERT INTO Drink(Type, Name, Price, Flavor, Sugar_Free, Drink_ID, Carbonation, Serving_Size, Alcohol_Content, Prep_time, Person_ID) VALUES ('Soda', 'Drink_33', 44.42, 'Sweet', 1, 34, 0, 227, 6.31, 2, 34);
INSERT INTO Drink(Type, Name, Price, Flavor, Sugar_Free, Drink_ID, Carbonation, Serving_Size, Alcohol_Content, Prep_time, Person_ID) VALUES ('Wine', 'Drink_34', 56.54, 'Sour', 0, 35, 0, 282, 25.78, 9, 35);
INSERT INTO Drink(Type, Name, Price, Flavor, Sugar_Free, Drink_ID, Carbonation, Serving_Size, Alcohol_Content, Prep_time, Person_ID) VALUES ('Cocktail', 'Drink_35', 16.29, 'Sweet', 1, 36, 1, 324, 29.33, 1, 36);
INSERT INTO Drink(Type, Name, Price, Flavor, Sugar_Free, Drink_ID, Carbonation, Serving_Size, Alcohol_Content, Prep_time, Person_ID) VALUES ('Soda', 'Drink_36', 27.91, 'Sweet', 1, 37, 0, 348, 28.27, 9, 37);
INSERT INTO Drink(Type, Name, Price, Flavor, Sugar_Free, Drink_ID, Carbonation, Serving_Size, Alcohol_Content, Prep_time, Person_ID) VALUES ('Wine', 'Drink_37', 37.14, 'Bitter', 0, 38, 0, 378, 13.91, 8, 38);
INSERT INTO Drink(Type, Name, Price, Flavor, Sugar_Free, Drink_ID, Carbonation, Serving_Size, Alcohol_Content, Prep_time, Person_ID) VALUES ('Wine', 'Drink_38', 53.38, 'Sour', 0, 39, 0, 371, 6.2, 5, 39);
INSERT INTO Drink(Type, Name, Price, Flavor, Sugar_Free, Drink_ID, Carbonation, Serving_Size, Alcohol_Content, Prep_time, Person_ID) VALUES ('Wine', 'Drink_39', 37.08, 'Bitter', 0, 40, 1, 475, 7.42, 1, 40);
INSERT INTO Drink(Type, Name, Price, Flavor, Sugar_Free, Drink_ID, Carbonation, Serving_Size, Alcohol_Content, Prep_time, Person_ID) VALUES ('Wine', 'Drink_40', 48.8, 'Sweet', 1, 41, 0, 437, 38.69, 7, 41);
INSERT INTO Drink(Type, Name, Price, Flavor, Sugar_Free, Drink_ID, Carbonation, Serving_Size, Alcohol_Content, Prep_time, Person_ID) VALUES ('Beer', 'Drink_41', 36.2, 'Bitter', 0, 42, 1, 265, 16.39, 6, 42);
INSERT INTO Drink(Type, Name, Price, Flavor, Sugar_Free, Drink_ID, Carbonation, Serving_Size, Alcohol_Content, Prep_time, Person_ID) VALUES ('Cocktail', 'Drink_42', 14.81, 'Sour', 0, 43, 0, 166, 7.15, 1, 43);
INSERT INTO Drink(Type, Name, Price, Flavor, Sugar_Free, Drink_ID, Carbonation, Serving_Size, Alcohol_Content, Prep_time, Person_ID) VALUES ('Beer', 'Drink_43', 15.35, 'Sweet', 0, 44, 0, 392, 25.67, 7, 44);
INSERT INTO Drink(Type, Name, Price, Flavor, Sugar_Free, Drink_ID, Carbonation, Serving_Size, Alcohol_Content, Prep_time, Person_ID) VALUES ('Soda', 'Drink_44', 36.29, 'Sour', 1, 45, 0, 287, 8.83, 2, 45);
INSERT INTO Drink(Type, Name, Price, Flavor, Sugar_Free, Drink_ID, Carbonation, Serving_Size, Alcohol_Content, Prep_time, Person_ID) VALUES ('Cocktail', 'Drink_45', 56.51, 'Sweet', 1, 46, 0, 339, 32.04, 1, 46);
INSERT INTO Drink(Type, Name, Price, Flavor, Sugar_Free, Drink_ID, Carbonation, Serving_Size, Alcohol_Content, Prep_time, Person_ID) VALUES ('Wine', 'Drink_46', 37.9, 'Bitter', 1, 47, 0, 415, 10.63, 1, 47);
INSERT INTO Drink(Type, Name, Price, Flavor, Sugar_Free, Drink_ID, Carbonation, Serving_Size, Alcohol_Content, Prep_time, Person_ID) VALUES ('Cocktail', 'Drink_47', 51.72, 'Sweet', 0, 48, 0, 151, 29.01, 9, 48);
INSERT INTO Drink(Type, Name, Price, Flavor, Sugar_Free, Drink_ID, Carbonation, Serving_Size, Alcohol_Content, Prep_time, Person_ID) VALUES ('Soda', 'Drink_48', 19.47, 'Sour', 0, 49, 0, 385, 29.97, 7, 49);
INSERT INTO Drink(Type, Name, Price, Flavor, Sugar_Free, Drink_ID, Carbonation, Serving_Size, Alcohol_Content, Prep_time, Person_ID) VALUES ('Cocktail', 'Drink_49', 48.31, 'Sour', 1, 50, 1, 459, 26.61, 2, 50);
INSERT INTO Drink(Type, Name, Price, Flavor, Sugar_Free, Drink_ID, Carbonation, Serving_Size, Alcohol_Content, Prep_time, Person_ID) VALUES ('Beer', 'Drink_50', 49.62, 'Sour', 1, 51, 1, 436, 6.33, 10, 51);
INSERT INTO Drink(Type, Name, Price, Flavor, Sugar_Free, Drink_ID, Carbonation, Serving_Size, Alcohol_Content, Prep_time, Person_ID) VALUES ('Soda', 'Drink_51', 56.68, 'Bitter', 1, 52, 1, 311, 30.57, 7, 52);
INSERT INTO Drink(Type, Name, Price, Flavor, Sugar_Free, Drink_ID, Carbonation, Serving_Size, Alcohol_Content, Prep_time, Person_ID) VALUES ('Wine', 'Drink_52', 40.42, 'Sour', 0, 53, 1, 492, 22.01, 5, 53);
INSERT INTO Drink(Type, Name, Price, Flavor, Sugar_Free, Drink_ID, Carbonation, Serving_Size, Alcohol_Content, Prep_time, Person_ID) VALUES ('Wine', 'Drink_53', 58.08, 'Bitter', 1, 54, 0, 471, 1.39, 5, 54);
INSERT INTO Drink(Type, Name, Price, Flavor, Sugar_Free, Drink_ID, Carbonation, Serving_Size, Alcohol_Content, Prep_time, Person_ID) VALUES ('Cocktail', 'Drink_54', 35.88, 'Bitter', 0, 55, 1, 213, 8.59, 6, 55);
INSERT INTO Drink(Type, Name, Price, Flavor, Sugar_Free, Drink_ID, Carbonation, Serving_Size, Alcohol_Content, Prep_time, Person_ID) VALUES ('Cocktail', 'Drink_55', 48.58, 'Sour', 1, 56, 0, 148, 1.51, 6, 56);
INSERT INTO Drink(Type, Name, Price, Flavor, Sugar_Free, Drink_ID, Carbonation, Serving_Size, Alcohol_Content, Prep_time, Person_ID) VALUES ('Beer', 'Drink_56', 16.92, 'Bitter', 0, 57, 0, 231, 32.44, 2, 57);
INSERT INTO Drink(Type, Name, Price, Flavor, Sugar_Free, Drink_ID, Carbonation, Serving_Size, Alcohol_Content, Prep_time, Person_ID) VALUES ('Soda', 'Drink_57', 38.45, 'Sweet', 0, 58, 1, 347, 6.92, 10, 58);
INSERT INTO Drink(Type, Name, Price, Flavor, Sugar_Free, Drink_ID, Carbonation, Serving_Size, Alcohol_Content, Prep_time, Person_ID) VALUES ('Cocktail', 'Drink_58', 39.76, 'Bitter', 0, 59, 1, 140, 31.2, 6, 59);
INSERT INTO Drink(Type, Name, Price, Flavor, Sugar_Free, Drink_ID, Carbonation, Serving_Size, Alcohol_Content, Prep_time, Person_ID) VALUES ('Wine', 'Drink_59', 53.99, 'Bitter', 1, 60, 0, 494, 9.07, 10, 60);
INSERT INTO Drink(Type, Name, Price, Flavor, Sugar_Free, Drink_ID, Carbonation, Serving_Size, Alcohol_Content, Prep_time, Person_ID) VALUES ('Cocktail', 'Drink_60', 41.69, 'Sour', 1, 61, 0, 256, 20.98, 6, 61);
INSERT INTO Drink(Type, Name, Price, Flavor, Sugar_Free, Drink_ID, Carbonation, Serving_Size, Alcohol_Content, Prep_time, Person_ID) VALUES ('Beer', 'Drink_61', 26.34, 'Sour', 0, 62, 0, 125, 26.95, 7, 62);
INSERT INTO Drink(Type, Name, Price, Flavor, Sugar_Free, Drink_ID, Carbonation, Serving_Size, Alcohol_Content, Prep_time, Person_ID) VALUES ('Soda', 'Drink_62', 47.64, 'Sour', 0, 63, 0, 321, 11.59, 7, 63);
INSERT INTO Drink(Type, Name, Price, Flavor, Sugar_Free, Drink_ID, Carbonation, Serving_Size, Alcohol_Content, Prep_time, Person_ID) VALUES ('Beer', 'Drink_63', 16.61, 'Sweet', 1, 64, 0, 380, 15.97, 2, 64);
INSERT INTO Drink(Type, Name, Price, Flavor, Sugar_Free, Drink_ID, Carbonation, Serving_Size, Alcohol_Content, Prep_time, Person_ID) VALUES ('Soda', 'Drink_64', 35.09, 'Sour', 0, 65, 0, 346, 22.37, 8, 65);
INSERT INTO Drink(Type, Name, Price, Flavor, Sugar_Free, Drink_ID, Carbonation, Serving_Size, Alcohol_Content, Prep_time, Person_ID) VALUES ('Soda', 'Drink_65', 42.61, 'Sweet', 0, 66, 0, 136, 10.65, 7, 66);
INSERT INTO Drink(Type, Name, Price, Flavor, Sugar_Free, Drink_ID, Carbonation, Serving_Size, Alcohol_Content, Prep_time, Person_ID) VALUES ('Wine', 'Drink_66', 44.24, 'Sour', 0, 67, 0, 443, 16.54, 6, 67);
INSERT INTO Drink(Type, Name, Price, Flavor, Sugar_Free, Drink_ID, Carbonation, Serving_Size, Alcohol_Content, Prep_time, Person_ID) VALUES ('Wine', 'Drink_67', 19.52, 'Bitter', 0, 68, 1, 186, 39.51, 10, 68);
INSERT INTO Drink(Type, Name, Price, Flavor, Sugar_Free, Drink_ID, Carbonation, Serving_Size, Alcohol_Content, Prep_time, Person_ID) VALUES ('Soda', 'Drink_68', 41.16, 'Bitter', 0, 69, 0, 202, 27.41, 3, 69);
INSERT INTO Drink(Type, Name, Price, Flavor, Sugar_Free, Drink_ID, Carbonation, Serving_Size, Alcohol_Content, Prep_time, Person_ID) VALUES ('Cocktail', 'Drink_69', 15.62, 'Sweet', 0, 70, 0, 247, 0.55, 2, 70);
INSERT INTO Drink(Type, Name, Price, Flavor, Sugar_Free, Drink_ID, Carbonation, Serving_Size, Alcohol_Content, Prep_time, Person_ID) VALUES ('Wine', 'Drink_70', 32.5, 'Sweet', 1, 71, 0, 478, 21.52, 4, 71);
INSERT INTO Drink(Type, Name, Price, Flavor, Sugar_Free, Drink_ID, Carbonation, Serving_Size, Alcohol_Content, Prep_time, Person_ID) VALUES ('Wine', 'Drink_71', 37.44, 'Sour', 0, 72, 0, 292, 23.32, 9, 72);
INSERT INTO Drink(Type, Name, Price, Flavor, Sugar_Free, Drink_ID, Carbonation, Serving_Size, Alcohol_Content, Prep_time, Person_ID) VALUES ('Cocktail', 'Drink_72', 22.77, 'Sweet', 1, 73, 0, 456, 24.72, 1, 73);
INSERT INTO Drink(Type, Name, Price, Flavor, Sugar_Free, Drink_ID, Carbonation, Serving_Size, Alcohol_Content, Prep_time, Person_ID) VALUES ('Soda', 'Drink_73', 42.74, 'Sweet', 0, 74, 1, 438, 10.85, 6, 74);
INSERT INTO Drink(Type, Name, Price, Flavor, Sugar_Free, Drink_ID, Carbonation, Serving_Size, Alcohol_Content, Prep_time, Person_ID) VALUES ('Cocktail', 'Drink_74', 10.95, 'Sour', 1, 75, 0, 294, 20.34, 2, 75);
INSERT INTO Drink(Type, Name, Price, Flavor, Sugar_Free, Drink_ID, Carbonation, Serving_Size, Alcohol_Content, Prep_time, Person_ID) VALUES ('Wine', 'Drink_75', 34.23, 'Sour', 0, 76, 0, 201, 20.03, 8, 76);
INSERT INTO Drink(Type, Name, Price, Flavor, Sugar_Free, Drink_ID, Carbonation, Serving_Size, Alcohol_Content, Prep_time, Person_ID) VALUES ('Cocktail', 'Drink_76', 11.99, 'Sour', 1, 77, 1, 350, 15.74, 3, 77);
INSERT INTO Drink(Type, Name, Price, Flavor, Sugar_Free, Drink_ID, Carbonation, Serving_Size, Alcohol_Content, Prep_time, Person_ID) VALUES ('Cocktail', 'Drink_77', 27.34, 'Bitter', 1, 78, 1, 220, 39.84, 9, 78);
INSERT INTO Drink(Type, Name, Price, Flavor, Sugar_Free, Drink_ID, Carbonation, Serving_Size, Alcohol_Content, Prep_time, Person_ID) VALUES ('Wine', 'Drink_78', 50.59, 'Sour', 1, 79, 1, 115, 37.77, 5, 79);
INSERT INTO Drink(Type, Name, Price, Flavor, Sugar_Free, Drink_ID, Carbonation, Serving_Size, Alcohol_Content, Prep_time, Person_ID) VALUES ('Beer', 'Drink_79', 17.59, 'Bitter', 0, 80, 0, 473, 15.29, 10, 80);
INSERT INTO Drink(Type, Name, Price, Flavor, Sugar_Free, Drink_ID, Carbonation, Serving_Size, Alcohol_Content, Prep_time, Person_ID) VALUES ('Beer', 'Drink_80', 30.87, 'Sour', 0, 81, 1, 259, 36.39, 6, 81);
INSERT INTO Drink(Type, Name, Price, Flavor, Sugar_Free, Drink_ID, Carbonation, Serving_Size, Alcohol_Content, Prep_time, Person_ID) VALUES ('Soda', 'Drink_81', 37.11, 'Sweet', 0, 82, 0, 170, 12.36, 9, 82);
INSERT INTO Drink(Type, Name, Price, Flavor, Sugar_Free, Drink_ID, Carbonation, Serving_Size, Alcohol_Content, Prep_time, Person_ID) VALUES ('Beer', 'Drink_82', 31.5, 'Sweet', 0, 83, 1, 134, 22.29, 2, 83);
INSERT INTO Drink(Type, Name, Price, Flavor, Sugar_Free, Drink_ID, Carbonation, Serving_Size, Alcohol_Content, Prep_time, Person_ID) VALUES ('Beer', 'Drink_83', 25.88, 'Sweet', 0, 84, 1, 311, 38.45, 5, 84);
INSERT INTO Drink(Type, Name, Price, Flavor, Sugar_Free, Drink_ID, Carbonation, Serving_Size, Alcohol_Content, Prep_time, Person_ID) VALUES ('Soda', 'Drink_84', 47.28, 'Sour', 1, 85, 0, 498, 7.52, 3, 85);
INSERT INTO Drink(Type, Name, Price, Flavor, Sugar_Free, Drink_ID, Carbonation, Serving_Size, Alcohol_Content, Prep_time, Person_ID) VALUES ('Beer', 'Drink_85', 11.31, 'Sour', 1, 86, 0, 405, 9.29, 1, 86);
INSERT INTO Drink(Type, Name, Price, Flavor, Sugar_Free, Drink_ID, Carbonation, Serving_Size, Alcohol_Content, Prep_time, Person_ID) VALUES ('Wine', 'Drink_86', 13.97, 'Bitter', 0, 87, 1, 464, 25.98, 3, 87);
INSERT INTO Drink(Type, Name, Price, Flavor, Sugar_Free, Drink_ID, Carbonation, Serving_Size, Alcohol_Content, Prep_time, Person_ID) VALUES ('Soda', 'Drink_87', 34.57, 'Sweet', 0, 88, 0, 215, 1.29, 1, 88);
INSERT INTO Drink(Type, Name, Price, Flavor, Sugar_Free, Drink_ID, Carbonation, Serving_Size, Alcohol_Content, Prep_time, Person_ID) VALUES ('Wine', 'Drink_88', 57.51, 'Sweet', 0, 89, 0, 133, 7.08, 8, 89);
INSERT INTO Drink(Type, Name, Price, Flavor, Sugar_Free, Drink_ID, Carbonation, Serving_Size, Alcohol_Content, Prep_time, Person_ID) VALUES ('Soda', 'Drink_89', 44.39, 'Bitter', 0, 90, 1, 307, 31.05, 10, 90);
INSERT INTO Drink(Type, Name, Price, Flavor, Sugar_Free, Drink_ID, Carbonation, Serving_Size, Alcohol_Content, Prep_time, Person_ID) VALUES ('Soda', 'Drink_90', 46.01, 'Bitter', 0, 91, 0, 331, 18.28, 1, 91);
INSERT INTO Drink(Type, Name, Price, Flavor, Sugar_Free, Drink_ID, Carbonation, Serving_Size, Alcohol_Content, Prep_time, Person_ID) VALUES ('Beer', 'Drink_91', 35.94, 'Bitter', 0, 92, 1, 364, 30.61, 1, 92);
INSERT INTO Drink(Type, Name, Price, Flavor, Sugar_Free, Drink_ID, Carbonation, Serving_Size, Alcohol_Content, Prep_time, Person_ID) VALUES ('Beer', 'Drink_92', 24.56, 'Bitter', 1, 93, 1, 336, 6.66, 5, 93);
INSERT INTO Drink(Type, Name, Price, Flavor, Sugar_Free, Drink_ID, Carbonation, Serving_Size, Alcohol_Content, Prep_time, Person_ID) VALUES ('Cocktail', 'Drink_93', 44.5, 'Sweet', 1, 94, 1, 146, 28.91, 2, 94);
INSERT INTO Drink(Type, Name, Price, Flavor, Sugar_Free, Drink_ID, Carbonation, Serving_Size, Alcohol_Content, Prep_time, Person_ID) VALUES ('Beer', 'Drink_94', 48.94, 'Sour', 0, 95, 1, 311, 12.94, 1, 95);
INSERT INTO Drink(Type, Name, Price, Flavor, Sugar_Free, Drink_ID, Carbonation, Serving_Size, Alcohol_Content, Prep_time, Person_ID) VALUES ('Beer', 'Drink_95', 32.68, 'Sour', 0, 96, 1, 146, 10.0, 3, 96);
INSERT INTO Drink(Type, Name, Price, Flavor, Sugar_Free, Drink_ID, Carbonation, Serving_Size, Alcohol_Content, Prep_time, Person_ID) VALUES ('Cocktail', 'Drink_96', 14.56, 'Sour', 1, 97, 1, 143, 20.95, 7, 97);
INSERT INTO Drink(Type, Name, Price, Flavor, Sugar_Free, Drink_ID, Carbonation, Serving_Size, Alcohol_Content, Prep_time, Person_ID) VALUES ('Beer', 'Drink_97', 28.93, 'Bitter', 0, 98, 0, 271, 22.62, 3, 98);
INSERT INTO Drink(Type, Name, Price, Flavor, Sugar_Free, Drink_ID, Carbonation, Serving_Size, Alcohol_Content, Prep_time, Person_ID) VALUES ('Beer', 'Drink_98', 53.44, 'Sweet', 0, 99, 1, 257, 12.38, 8, 99);
INSERT INTO Drink(Type, Name, Price, Flavor, Sugar_Free, Drink_ID, Carbonation, Serving_Size, Alcohol_Content, Prep_time, Person_ID) VALUES ('Wine', 'Drink_99', 41.32, 'Sweet', 0, 100, 0, 101, 24.9, 5, 100);
INSERT INTO Drink(Type, Name, Price, Flavor, Sugar_Free, Drink_ID, Carbonation, Serving_Size, Alcohol_Content, Prep_time, Person_ID) VALUES ('Cocktail', 'Drink_100', 32.93, 'Bitter', 0, 101, 1, 221, 8.67, 8, 101);
INSERT INTO Drink(Type, Name, Price, Flavor, Sugar_Free, Drink_ID, Carbonation, Serving_Size, Alcohol_Content, Prep_time, Person_ID) VALUES ('Soda', 'Drink_101', 30.51, 'Sweet', 0, 102, 0, 380, 11.12, 9, 102);
INSERT INTO Drink(Type, Name, Price, Flavor, Sugar_Free, Drink_ID, Carbonation, Serving_Size, Alcohol_Content, Prep_time, Person_ID) VALUES ('Beer', 'Drink_102', 12.45, 'Sweet', 0, 103, 1, 118, 5.81, 1, 103);
INSERT INTO Drink(Type, Name, Price, Flavor, Sugar_Free, Drink_ID, Carbonation, Serving_Size, Alcohol_Content, Prep_time, Person_ID) VALUES ('Wine', 'Drink_103', 26.56, 'Sweet', 0, 104, 0, 313, 39.75, 3, 104);
INSERT INTO Drink(Type, Name, Price, Flavor, Sugar_Free, Drink_ID, Carbonation, Serving_Size, Alcohol_Content, Prep_time, Person_ID) VALUES ('Wine', 'Drink_104', 40.55, 'Sour', 0, 105, 1, 483, 23.16, 1, 105);
INSERT INTO Drink(Type, Name, Price, Flavor, Sugar_Free, Drink_ID, Carbonation, Serving_Size, Alcohol_Content, Prep_time, Person_ID) VALUES ('Cocktail', 'Drink_105', 48.43, 'Bitter', 1, 106, 1, 134, 30.34, 9, 106);
INSERT INTO Drink(Type, Name, Price, Flavor, Sugar_Free, Drink_ID, Carbonation, Serving_Size, Alcohol_Content, Prep_time, Person_ID) VALUES ('Cocktail', 'Drink_106', 24.64, 'Sweet', 0, 107, 1, 268, 21.08, 9, 107);
INSERT INTO Drink(Type, Name, Price, Flavor, Sugar_Free, Drink_ID, Carbonation, Serving_Size, Alcohol_Content, Prep_time, Person_ID) VALUES ('Beer', 'Drink_107', 44.79, 'Sour', 0, 108, 0, 392, 29.19, 9, 108);
INSERT INTO Drink(Type, Name, Price, Flavor, Sugar_Free, Drink_ID, Carbonation, Serving_Size, Alcohol_Content, Prep_time, Person_ID) VALUES ('Cocktail', 'Drink_108', 34.18, 'Sour', 1, 109, 1, 411, 33.91, 5, 109);
INSERT INTO Drink(Type, Name, Price, Flavor, Sugar_Free, Drink_ID, Carbonation, Serving_Size, Alcohol_Content, Prep_time, Person_ID) VALUES ('Wine', 'Drink_109', 56.36, 'Sour', 1, 110, 1, 352, 32.32, 10, 110);
INSERT INTO Drink(Type, Name, Price, Flavor, Sugar_Free, Drink_ID, Carbonation, Serving_Size, Alcohol_Content, Prep_time, Person_ID) VALUES ('Beer', 'Drink_110', 45.43, 'Sweet', 0, 111, 0, 112, 18.6, 2, 111);
INSERT INTO Drink(Type, Name, Price, Flavor, Sugar_Free, Drink_ID, Carbonation, Serving_Size, Alcohol_Content, Prep_time, Person_ID) VALUES ('Beer', 'Drink_111', 49.98, 'Bitter', 1, 112, 0, 270, 13.99, 4, 112);
INSERT INTO Drink(Type, Name, Price, Flavor, Sugar_Free, Drink_ID, Carbonation, Serving_Size, Alcohol_Content, Prep_time, Person_ID) VALUES ('Cocktail', 'Drink_112', 42.03, 'Sour', 1, 113, 1, 134, 12.31, 9, 113);
INSERT INTO Drink(Type, Name, Price, Flavor, Sugar_Free, Drink_ID, Carbonation, Serving_Size, Alcohol_Content, Prep_time, Person_ID) VALUES ('Wine', 'Drink_113', 48.35, 'Sweet', 1, 114, 1, 302, 28.98, 10, 114);
INSERT INTO Drink(Type, Name, Price, Flavor, Sugar_Free, Drink_ID, Carbonation, Serving_Size, Alcohol_Content, Prep_time, Person_ID) VALUES ('Cocktail', 'Drink_114', 51.6, 'Sweet', 1, 115, 1, 444, 19.16, 8, 115);
INSERT INTO Drink(Type, Name, Price, Flavor, Sugar_Free, Drink_ID, Carbonation, Serving_Size, Alcohol_Content, Prep_time, Person_ID) VALUES ('Cocktail', 'Drink_115', 42.28, 'Bitter', 0, 116, 1, 374, 35.84, 8, 116);
INSERT INTO Drink(Type, Name, Price, Flavor, Sugar_Free, Drink_ID, Carbonation, Serving_Size, Alcohol_Content, Prep_time, Person_ID) VALUES ('Soda', 'Drink_116', 56.39, 'Sweet', 1, 117, 1, 384, 21.44, 4, 117);
INSERT INTO Drink(Type, Name, Price, Flavor, Sugar_Free, Drink_ID, Carbonation, Serving_Size, Alcohol_Content, Prep_time, Person_ID) VALUES ('Wine', 'Drink_117', 49.98, 'Bitter', 0, 118, 0, 243, 33.63, 6, 118);
INSERT INTO Drink(Type, Name, Price, Flavor, Sugar_Free, Drink_ID, Carbonation, Serving_Size, Alcohol_Content, Prep_time, Person_ID) VALUES ('Soda', 'Drink_118', 41.33, 'Sweet', 1, 119, 0, 404, 4.67, 5, 119);
INSERT INTO Drink(Type, Name, Price, Flavor, Sugar_Free, Drink_ID, Carbonation, Serving_Size, Alcohol_Content, Prep_time, Person_ID) VALUES ('Wine', 'Drink_119', 45.49, 'Bitter', 1, 120, 0, 354, 35.08, 6, 120);
INSERT INTO Drink(Type, Name, Price, Flavor, Sugar_Free, Drink_ID, Carbonation, Serving_Size, Alcohol_Content, Prep_time, Person_ID) VALUES ('Soda', 'Drink_120', 51.47, 'Bitter', 0, 121, 1, 189, 4.49, 1, 121);
INSERT INTO Drink(Type, Name, Price, Flavor, Sugar_Free, Drink_ID, Carbonation, Serving_Size, Alcohol_Content, Prep_time, Person_ID) VALUES ('Beer', 'Drink_121', 55.67, 'Bitter', 0, 122, 1, 356, 6.16, 6, 122);
INSERT INTO Drink(Type, Name, Price, Flavor, Sugar_Free, Drink_ID, Carbonation, Serving_Size, Alcohol_Content, Prep_time, Person_ID) VALUES ('Soda', 'Drink_122', 46.62, 'Sour', 1, 123, 1, 173, 30.78, 2, 123);
INSERT INTO Drink(Type, Name, Price, Flavor, Sugar_Free, Drink_ID, Carbonation, Serving_Size, Alcohol_Content, Prep_time, Person_ID) VALUES ('Beer', 'Drink_123', 20.26, 'Sweet', 1, 124, 1, 465, 34.59, 2, 124);
INSERT INTO Drink(Type, Name, Price, Flavor, Sugar_Free, Drink_ID, Carbonation, Serving_Size, Alcohol_Content, Prep_time, Person_ID) VALUES ('Cocktail', 'Drink_124', 25.55, 'Sweet', 0, 125, 1, 339, 35.57, 2, 125);
INSERT INTO Drink(Type, Name, Price, Flavor, Sugar_Free, Drink_ID, Carbonation, Serving_Size, Alcohol_Content, Prep_time, Person_ID) VALUES ('Wine', 'Drink_125', 11.12, 'Bitter', 0, 126, 1, 202, 7.7, 5, 126);
INSERT INTO Drink(Type, Name, Price, Flavor, Sugar_Free, Drink_ID, Carbonation, Serving_Size, Alcohol_Content, Prep_time, Person_ID) VALUES ('Wine', 'Drink_126', 48.64, 'Sour', 0, 127, 1, 176, 6.3, 2, 127);
INSERT INTO Drink(Type, Name, Price, Flavor, Sugar_Free, Drink_ID, Carbonation, Serving_Size, Alcohol_Content, Prep_time, Person_ID) VALUES ('Cocktail', 'Drink_127', 57.91, 'Sour', 0, 128, 0, 377, 14.01, 6, 128);
INSERT INTO Drink(Type, Name, Price, Flavor, Sugar_Free, Drink_ID, Carbonation, Serving_Size, Alcohol_Content, Prep_time, Person_ID) VALUES ('Wine', 'Drink_128', 17.08, 'Sour', 1, 129, 0, 187, 2.85, 10, 129);
INSERT INTO Drink(Type, Name, Price, Flavor, Sugar_Free, Drink_ID, Carbonation, Serving_Size, Alcohol_Content, Prep_time, Person_ID) VALUES ('Wine', 'Drink_129', 37.03, 'Sweet', 0, 130, 0, 341, 36.13, 1, 130);
INSERT INTO Drink(Type, Name, Price, Flavor, Sugar_Free, Drink_ID, Carbonation, Serving_Size, Alcohol_Content, Prep_time, Person_ID) VALUES ('Cocktail', 'Drink_130', 29.18, 'Sweet', 1, 131, 1, 191, 28.19, 10, 131);
INSERT INTO Drink(Type, Name, Price, Flavor, Sugar_Free, Drink_ID, Carbonation, Serving_Size, Alcohol_Content, Prep_time, Person_ID) VALUES ('Soda', 'Drink_131', 40.82, 'Bitter', 1, 132, 0, 465, 30.34, 9, 132);
INSERT INTO Drink(Type, Name, Price, Flavor, Sugar_Free, Drink_ID, Carbonation, Serving_Size, Alcohol_Content, Prep_time, Person_ID) VALUES ('Cocktail', 'Drink_132', 58.68, 'Bitter', 0, 133, 0, 457, 18.73, 8, 133);
INSERT INTO Drink(Type, Name, Price, Flavor, Sugar_Free, Drink_ID, Carbonation, Serving_Size, Alcohol_Content, Prep_time, Person_ID) VALUES ('Wine', 'Drink_133', 44.22, 'Sour', 1, 134, 1, 218, 37.9, 3, 134);
INSERT INTO Drink(Type, Name, Price, Flavor, Sugar_Free, Drink_ID, Carbonation, Serving_Size, Alcohol_Content, Prep_time, Person_ID) VALUES ('Wine', 'Drink_134', 55.64, 'Bitter', 0, 135, 1, 266, 18.13, 1, 135);
INSERT INTO Drink(Type, Name, Price, Flavor, Sugar_Free, Drink_ID, Carbonation, Serving_Size, Alcohol_Content, Prep_time, Person_ID) VALUES ('Cocktail', 'Drink_135', 33.77, 'Bitter', 1, 136, 1, 187, 11.29, 6, 136);
INSERT INTO Drink(Type, Name, Price, Flavor, Sugar_Free, Drink_ID, Carbonation, Serving_Size, Alcohol_Content, Prep_time, Person_ID) VALUES ('Beer', 'Drink_136', 35.4, 'Bitter', 0, 137, 1, 384, 25.98, 5, 137);
INSERT INTO Drink(Type, Name, Price, Flavor, Sugar_Free, Drink_ID, Carbonation, Serving_Size, Alcohol_Content, Prep_time, Person_ID) VALUES ('Soda', 'Drink_137', 30.04, 'Bitter', 0, 138, 0, 380, 6.36, 8, 138);
INSERT INTO Drink(Type, Name, Price, Flavor, Sugar_Free, Drink_ID, Carbonation, Serving_Size, Alcohol_Content, Prep_time, Person_ID) VALUES ('Soda', 'Drink_138', 13.3, 'Sweet', 1, 139, 1, 390, 31.49, 9, 139);
INSERT INTO Drink(Type, Name, Price, Flavor, Sugar_Free, Drink_ID, Carbonation, Serving_Size, Alcohol_Content, Prep_time, Person_ID) VALUES ('Beer', 'Drink_139', 18.65, 'Sour', 0, 140, 1, 158, 23.69, 8, 140);
INSERT INTO Drink(Type, Name, Price, Flavor, Sugar_Free, Drink_ID, Carbonation, Serving_Size, Alcohol_Content, Prep_time, Person_ID) VALUES ('Wine', 'Drink_140', 37.75, 'Bitter', 0, 141, 1, 307, 2.78, 2, 141);
INSERT INTO Drink(Type, Name, Price, Flavor, Sugar_Free, Drink_ID, Carbonation, Serving_Size, Alcohol_Content, Prep_time, Person_ID) VALUES ('Soda', 'Drink_141', 26.37, 'Sour', 0, 142, 0, 211, 32.68, 10, 142);
INSERT INTO Drink(Type, Name, Price, Flavor, Sugar_Free, Drink_ID, Carbonation, Serving_Size, Alcohol_Content, Prep_time, Person_ID) VALUES ('Cocktail', 'Drink_142', 47.85, 'Sour', 0, 143, 1, 372, 11.66, 10, 143);
INSERT INTO Drink(Type, Name, Price, Flavor, Sugar_Free, Drink_ID, Carbonation, Serving_Size, Alcohol_Content, Prep_time, Person_ID) VALUES ('Soda', 'Drink_143', 19.78, 'Sour', 1, 144, 1, 391, 31.77, 5, 144);
INSERT INTO Drink(Type, Name, Price, Flavor, Sugar_Free, Drink_ID, Carbonation, Serving_Size, Alcohol_Content, Prep_time, Person_ID) VALUES ('Soda', 'Drink_144', 45.89, 'Bitter', 0, 145, 0, 413, 39.46, 7, 145);
INSERT INTO Drink(Type, Name, Price, Flavor, Sugar_Free, Drink_ID, Carbonation, Serving_Size, Alcohol_Content, Prep_time, Person_ID) VALUES ('Beer', 'Drink_145', 52.63, 'Sweet', 1, 146, 0, 100, 28.13, 6, 146);
INSERT INTO Drink(Type, Name, Price, Flavor, Sugar_Free, Drink_ID, Carbonation, Serving_Size, Alcohol_Content, Prep_time, Person_ID) VALUES ('Cocktail', 'Drink_146', 53.06, 'Sweet', 0, 147, 1, 459, 23.61, 6, 147);
INSERT INTO Drink(Type, Name, Price, Flavor, Sugar_Free, Drink_ID, Carbonation, Serving_Size, Alcohol_Content, Prep_time, Person_ID) VALUES ('Soda', 'Drink_147', 30.3, 'Bitter', 0, 148, 0, 343, 5.56, 9, 148);
INSERT INTO Drink(Type, Name, Price, Flavor, Sugar_Free, Drink_ID, Carbonation, Serving_Size, Alcohol_Content, Prep_time, Person_ID) VALUES ('Soda', 'Drink_148', 52.17, 'Bitter', 1, 149, 0, 247, 39.9, 3, 149);
INSERT INTO Drink(Type, Name, Price, Flavor, Sugar_Free, Drink_ID, Carbonation, Serving_Size, Alcohol_Content, Prep_time, Person_ID) VALUES ('Beer', 'Drink_149', 10.58, 'Sour', 0, 150, 0, 469, 35.4, 7, 150);
INSERT INTO Orders(Bartender_name, Date, Tip, Price, Time, Payment_method, Order_ID) VALUES ('James Lawrence', '2024-03-03', 13.72, 245.66, '23:29', 'Online', 1);
INSERT INTO Orders(Bartender_name, Date, Tip, Price, Time, Payment_method, Order_ID) VALUES ('Robert Tucker', '2024-10-14', 62.32, 147.23, '16:35', 'Credit', 2);
INSERT INTO Orders(Bartender_name, Date, Tip, Price, Time, Payment_method, Order_ID) VALUES ('Raquel Smith', '2024-07-12', 22.57, 138.94, '10:36', 'Credit', 3);
INSERT INTO Orders(Bartender_name, Date, Tip, Price, Time, Payment_method, Order_ID) VALUES ('Jason Becker', '2024-12-08', 71.21, 95.39, '18:36', 'Credit', 4);
INSERT INTO Orders(Bartender_name, Date, Tip, Price, Time, Payment_method, Order_ID) VALUES ('Keith Epperly', '2024-01-02', 56.81, 217.37, '11:37', 'Credit', 5);
INSERT INTO Orders(Bartender_name, Date, Tip, Price, Time, Payment_method, Order_ID) VALUES ('Reynalda Blaze', '2024-12-03', 14.21, 224.76, '23:48', 'Credit', 6);
INSERT INTO Orders(Bartender_name, Date, Tip, Price, Time, Payment_method, Order_ID) VALUES ('Mike Ferro', '2024-08-17', 7.82, 269.18, '11:15', 'Credit', 7);
INSERT INTO Orders(Bartender_name, Date, Tip, Price, Time, Payment_method, Order_ID) VALUES ('Judith Clacher', '2024-11-24', 66.37, 207.24, '20:40', 'Online', 8);
INSERT INTO Orders(Bartender_name, Date, Tip, Price, Time, Payment_method, Order_ID) VALUES ('Gilbert Lang', '2024-10-10', 61.3, 273.0, '18:49', 'Cash', 9);
INSERT INTO Orders(Bartender_name, Date, Tip, Price, Time, Payment_method, Order_ID) VALUES ('Betty Roberts', '2024-08-15', 51.27, 151.39, '21:21', 'Credit', 10);
INSERT INTO Orders(Bartender_name, Date, Tip, Price, Time, Payment_method, Order_ID) VALUES ('Deangelo Perez', '2024-06-26', 29.46, 66.9, '21:59', 'Online', 11);
INSERT INTO Orders(Bartender_name, Date, Tip, Price, Time, Payment_method, Order_ID) VALUES ('Cathy Lamb', '2024-12-10', 72.7, 177.84, '10:40', 'Credit', 12);
INSERT INTO Orders(Bartender_name, Date, Tip, Price, Time, Payment_method, Order_ID) VALUES ('Dorothy Rivers', '2024-10-06', 57.29, 203.77, '14:51', 'Online', 13);
INSERT INTO Orders(Bartender_name, Date, Tip, Price, Time, Payment_method, Order_ID) VALUES ('Seth Lynch', '2024-10-01', 28.68, 43.1, '18:04', 'Credit', 14);
INSERT INTO Orders(Bartender_name, Date, Tip, Price, Time, Payment_method, Order_ID) VALUES ('Dawn Young', '2024-05-05', 61.58, 97.06, '14:00', 'Online', 15);
INSERT INTO Orders(Bartender_name, Date, Tip, Price, Time, Payment_method, Order_ID) VALUES ('Lorena Clemments', '2024-02-20', 17.46, 185.7, '12:42', 'Credit', 16);
INSERT INTO Orders(Bartender_name, Date, Tip, Price, Time, Payment_method, Order_ID) VALUES ('Numbers Kenon', '2024-06-26', 17.54, 239.11, '13:31', 'Cash', 17);
INSERT INTO Orders(Bartender_name, Date, Tip, Price, Time, Payment_method, Order_ID) VALUES ('Lisa Cruz', '2024-09-28', 3.31, 295.54, '12:38', 'Cash', 18);
INSERT INTO Orders(Bartender_name, Date, Tip, Price, Time, Payment_method, Order_ID) VALUES ('Joseph Ares', '2024-08-25', 99.36, 235.7, '13:42', 'Credit', 19);
INSERT INTO Orders(Bartender_name, Date, Tip, Price, Time, Payment_method, Order_ID) VALUES ('Brenda Sharpe', '2024-12-21', 16.73, 181.77, '23:22', 'Cash', 20);
INSERT INTO Orders(Bartender_name, Date, Tip, Price, Time, Payment_method, Order_ID) VALUES ('Shauna Wilson', '2024-11-09', 75.55, 52.48, '12:29', 'Credit', 21);
INSERT INTO Orders(Bartender_name, Date, Tip, Price, Time, Payment_method, Order_ID) VALUES ('Albert Roberts', '2024-08-10', 47.63, 285.51, '18:14', 'Credit', 22);
INSERT INTO Orders(Bartender_name, Date, Tip, Price, Time, Payment_method, Order_ID) VALUES ('Beau Tolin', '2024-11-23', 39.01, 93.54, '18:55', 'Credit', 23);
INSERT INTO Orders(Bartender_name, Date, Tip, Price, Time, Payment_method, Order_ID) VALUES ('Mary Summers', '2024-01-10', 92.72, 145.67, '20:20', 'Online', 24);
INSERT INTO Orders(Bartender_name, Date, Tip, Price, Time, Payment_method, Order_ID) VALUES ('Donny Whitmore', '2024-11-02', 9.74, 168.76, '15:54', 'Credit', 25);
INSERT INTO Orders(Bartender_name, Date, Tip, Price, Time, Payment_method, Order_ID) VALUES ('John Quinones', '2024-10-21', 85.84, 113.79, '14:51', 'Cash', 26);
INSERT INTO Orders(Bartender_name, Date, Tip, Price, Time, Payment_method, Order_ID) VALUES ('Bruce Brown', '2024-05-21', 58.42, 149.11, '20:47', 'Cash', 27);
INSERT INTO Orders(Bartender_name, Date, Tip, Price, Time, Payment_method, Order_ID) VALUES ('Melissa Flynn', '2024-12-22', 58.87, 74.58, '15:43', 'Online', 28);
INSERT INTO Orders(Bartender_name, Date, Tip, Price, Time, Payment_method, Order_ID) VALUES ('Robert Sullivan', '2024-03-11', 54.76, 208.38, '23:04', 'Cash', 29);
INSERT INTO Orders(Bartender_name, Date, Tip, Price, Time, Payment_method, Order_ID) VALUES ('Scott Shook', '2024-07-04', 52.53, 211.94, '15:14', 'Online', 30);
INSERT INTO Orders(Bartender_name, Date, Tip, Price, Time, Payment_method, Order_ID) VALUES ('Will Carter', '2024-05-09', 19.31, 26.64, '11:03', 'Online', 31);
INSERT INTO Orders(Bartender_name, Date, Tip, Price, Time, Payment_method, Order_ID) VALUES ('Sarah Birch', '2024-11-27', 21.68, 187.83, '11:45', 'Cash', 32);
INSERT INTO Orders(Bartender_name, Date, Tip, Price, Time, Payment_method, Order_ID) VALUES ('James Mcdougald', '2024-02-28', 60.47, 125.27, '22:57', 'Online', 33);
INSERT INTO Orders(Bartender_name, Date, Tip, Price, Time, Payment_method, Order_ID) VALUES ('Bryce Dominquez', '2024-10-26', 96.72, 270.88, '21:11', 'Credit', 34);
INSERT INTO Orders(Bartender_name, Date, Tip, Price, Time, Payment_method, Order_ID) VALUES ('Cheryl Roes', '2024-05-15', 66.05, 41.2, '17:59', 'Credit', 35);
INSERT INTO Orders(Bartender_name, Date, Tip, Price, Time, Payment_method, Order_ID) VALUES ('Frankie Henry', '2024-07-23', 90.34, 235.57, '15:16', 'Cash', 36);
INSERT INTO Orders(Bartender_name, Date, Tip, Price, Time, Payment_method, Order_ID) VALUES ('Sheri Kemp', '2024-02-09', 77.71, 127.18, '15:03', 'Credit', 37);
INSERT INTO Orders(Bartender_name, Date, Tip, Price, Time, Payment_method, Order_ID) VALUES ('Dave Gibson', '2024-05-06', 44.06, 157.68, '13:39', 'Credit', 38);
INSERT INTO Orders(Bartender_name, Date, Tip, Price, Time, Payment_method, Order_ID) VALUES ('Gary Kelley', '2024-03-21', 49.21, 60.28, '22:27', 'Cash', 39);
INSERT INTO Orders(Bartender_name, Date, Tip, Price, Time, Payment_method, Order_ID) VALUES ('Michael Treston', '2024-10-21', 10.62, 143.64, '14:06', 'Cash', 40);
INSERT INTO Orders(Bartender_name, Date, Tip, Price, Time, Payment_method, Order_ID) VALUES ('Louise Muellerleile', '2024-02-03', 57.13, 90.17, '17:01', 'Credit', 41);
INSERT INTO Orders(Bartender_name, Date, Tip, Price, Time, Payment_method, Order_ID) VALUES ('Ronald Jackson', '2024-03-21', 64.03, 281.21, '20:24', 'Credit', 42);
INSERT INTO Orders(Bartender_name, Date, Tip, Price, Time, Payment_method, Order_ID) VALUES ('Joyce Gower', '2024-03-23', 32.98, 129.57, '10:32', 'Online', 43);
INSERT INTO Orders(Bartender_name, Date, Tip, Price, Time, Payment_method, Order_ID) VALUES ('Donald Ford', '2024-08-16', 43.61, 256.33, '22:51', 'Cash', 44);
INSERT INTO Orders(Bartender_name, Date, Tip, Price, Time, Payment_method, Order_ID) VALUES ('Nichole Benet', '2024-09-08', 0.33, 287.16, '23:49', 'Credit', 45);
INSERT INTO Orders(Bartender_name, Date, Tip, Price, Time, Payment_method, Order_ID) VALUES ('Stanley Cruz', '2024-02-19', 53.53, 297.65, '15:43', 'Credit', 46);
INSERT INTO Orders(Bartender_name, Date, Tip, Price, Time, Payment_method, Order_ID) VALUES ('Rosalinda Aragon', '2024-07-02', 63.23, 288.47, '11:23', 'Online', 47);
INSERT INTO Orders(Bartender_name, Date, Tip, Price, Time, Payment_method, Order_ID) VALUES ('Greg Owens', '2024-06-03', 84.12, 232.93, '14:41', 'Cash', 48);
INSERT INTO Orders(Bartender_name, Date, Tip, Price, Time, Payment_method, Order_ID) VALUES ('Willie Fuger', '2024-03-18', 3.93, 127.57, '13:19', 'Online', 49);
INSERT INTO Orders(Bartender_name, Date, Tip, Price, Time, Payment_method, Order_ID) VALUES ('Briana Lally', '2024-07-04', 63.06, 120.59, '11:56', 'Online', 50);
INSERT INTO Orders(Bartender_name, Date, Tip, Price, Time, Payment_method, Order_ID) VALUES ('Daniel Harris', '2024-08-24', 18.95, 30.0, '10:46', 'Online', 51);
INSERT INTO Orders(Bartender_name, Date, Tip, Price, Time, Payment_method, Order_ID) VALUES ('Marian Porras', '2024-04-16', 38.88, 241.97, '20:19', 'Credit', 52);
INSERT INTO Orders(Bartender_name, Date, Tip, Price, Time, Payment_method, Order_ID) VALUES ('Kelly Melson', '2024-09-27', 81.18, 290.64, '10:02', 'Credit', 53);
INSERT INTO Orders(Bartender_name, Date, Tip, Price, Time, Payment_method, Order_ID) VALUES ('Eunice Sheeley', '2024-01-11', 78.78, 31.99, '11:13', 'Online', 54);
INSERT INTO Orders(Bartender_name, Date, Tip, Price, Time, Payment_method, Order_ID) VALUES ('Rita Phelps', '2024-11-17', 45.84, 209.86, '23:34', 'Cash', 55);
INSERT INTO Orders(Bartender_name, Date, Tip, Price, Time, Payment_method, Order_ID) VALUES ('Guillermo Jameson', '2024-12-19', 23.3, 40.17, '21:09', 'Credit', 56);
INSERT INTO Orders(Bartender_name, Date, Tip, Price, Time, Payment_method, Order_ID) VALUES ('Judith Hamilton', '2024-11-01', 47.12, 277.05, '10:15', 'Online', 57);
INSERT INTO Orders(Bartender_name, Date, Tip, Price, Time, Payment_method, Order_ID) VALUES ('Mary Kyle', '2024-11-05', 1.44, 197.15, '14:52', 'Cash', 58);
INSERT INTO Orders(Bartender_name, Date, Tip, Price, Time, Payment_method, Order_ID) VALUES ('Bobby Morales', '2024-08-20', 17.07, 185.49, '23:52', 'Cash', 59);
INSERT INTO Orders(Bartender_name, Date, Tip, Price, Time, Payment_method, Order_ID) VALUES ('Donna Donald', '2024-02-16', 59.5, 192.38, '11:51', 'Cash', 60);
INSERT INTO Orders(Bartender_name, Date, Tip, Price, Time, Payment_method, Order_ID) VALUES ('Pat Trejo', '2024-07-11', 81.15, 295.01, '20:25', 'Credit', 61);
INSERT INTO Orders(Bartender_name, Date, Tip, Price, Time, Payment_method, Order_ID) VALUES ('Trudy Magana', '2024-02-22', 57.6, 58.45, '23:50', 'Cash', 62);
INSERT INTO Orders(Bartender_name, Date, Tip, Price, Time, Payment_method, Order_ID) VALUES ('Elizabeth Peebles', '2024-01-19', 17.34, 37.7, '14:09', 'Credit', 63);
INSERT INTO Orders(Bartender_name, Date, Tip, Price, Time, Payment_method, Order_ID) VALUES ('Christy Velez', '2024-03-23', 36.99, 66.2, '13:59', 'Online', 64);
INSERT INTO Orders(Bartender_name, Date, Tip, Price, Time, Payment_method, Order_ID) VALUES ('Ann Holmes', '2024-01-05', 10.0, 257.26, '19:24', 'Cash', 65);
INSERT INTO Orders(Bartender_name, Date, Tip, Price, Time, Payment_method, Order_ID) VALUES ('Peter Watts', '2024-01-16', 8.07, 22.02, '11:45', 'Online', 66);
INSERT INTO Orders(Bartender_name, Date, Tip, Price, Time, Payment_method, Order_ID) VALUES ('Arthur Coleman', '2024-10-10', 41.62, 246.08, '22:30', 'Online', 67);
INSERT INTO Orders(Bartender_name, Date, Tip, Price, Time, Payment_method, Order_ID) VALUES ('Robert Harrison', '2024-03-07', 14.31, 95.87, '17:26', 'Cash', 68);
INSERT INTO Orders(Bartender_name, Date, Tip, Price, Time, Payment_method, Order_ID) VALUES ('Mariella Dawkins', '2024-03-20', 69.17, 186.96, '21:31', 'Online', 69);
INSERT INTO Orders(Bartender_name, Date, Tip, Price, Time, Payment_method, Order_ID) VALUES ('George Flinn', '2024-02-21', 82.65, 104.34, '16:00', 'Online', 70);
INSERT INTO Orders(Bartender_name, Date, Tip, Price, Time, Payment_method, Order_ID) VALUES ('Hedy Rosenow', '2024-04-07', 11.75, 168.46, '11:39', 'Credit', 71);
INSERT INTO Orders(Bartender_name, Date, Tip, Price, Time, Payment_method, Order_ID) VALUES ('Dominique Abernathy', '2024-09-17', 21.93, 235.69, '20:13', 'Credit', 72);
INSERT INTO Orders(Bartender_name, Date, Tip, Price, Time, Payment_method, Order_ID) VALUES ('Annie Pennington', '2024-01-07', 11.27, 61.78, '23:58', 'Credit', 73);
INSERT INTO Orders(Bartender_name, Date, Tip, Price, Time, Payment_method, Order_ID) VALUES ('Jennifer Purnell', '2024-08-06', 15.98, 278.35, '10:41', 'Credit', 74);
INSERT INTO Orders(Bartender_name, Date, Tip, Price, Time, Payment_method, Order_ID) VALUES ('Beatrice Hunsicker', '2024-05-07', 43.47, 113.6, '22:56', 'Credit', 75);
INSERT INTO Orders(Bartender_name, Date, Tip, Price, Time, Payment_method, Order_ID) VALUES ('Randy Velarde', '2024-01-04', 74.04, 278.96, '12:10', 'Cash', 76);
INSERT INTO Orders(Bartender_name, Date, Tip, Price, Time, Payment_method, Order_ID) VALUES ('William Petersen', '2024-08-17', 11.61, 270.62, '21:28', 'Online', 77);
INSERT INTO Orders(Bartender_name, Date, Tip, Price, Time, Payment_method, Order_ID) VALUES ('Elizabeth Porter', '2024-10-11', 41.91, 229.18, '15:14', 'Cash', 78);
INSERT INTO Orders(Bartender_name, Date, Tip, Price, Time, Payment_method, Order_ID) VALUES ('Sean Handly', '2024-06-08', 9.81, 226.57, '23:12', 'Credit', 79);
INSERT INTO Orders(Bartender_name, Date, Tip, Price, Time, Payment_method, Order_ID) VALUES ('Gregory Moreno', '2024-04-03', 47.1, 155.63, '16:09', 'Cash', 80);
INSERT INTO Orders(Bartender_name, Date, Tip, Price, Time, Payment_method, Order_ID) VALUES ('Regina Williams', '2024-10-15', 17.81, 124.58, '17:46', 'Cash', 81);
INSERT INTO Orders(Bartender_name, Date, Tip, Price, Time, Payment_method, Order_ID) VALUES ('Joshua Haggard', '2024-11-12', 97.56, 76.62, '12:02', 'Online', 82);
INSERT INTO Orders(Bartender_name, Date, Tip, Price, Time, Payment_method, Order_ID) VALUES ('Alice Wild', '2024-10-02', 28.06, 51.11, '17:29', 'Credit', 83);
INSERT INTO Orders(Bartender_name, Date, Tip, Price, Time, Payment_method, Order_ID) VALUES ('George Chambers', '2024-03-25', 34.36, 268.19, '19:10', 'Online', 84);
INSERT INTO Orders(Bartender_name, Date, Tip, Price, Time, Payment_method, Order_ID) VALUES ('David Malone', '2024-10-06', 57.81, 174.77, '13:05', 'Credit', 85);
INSERT INTO Orders(Bartender_name, Date, Tip, Price, Time, Payment_method, Order_ID) VALUES ('Jami Boggs', '2024-09-16', 86.22, 80.6, '17:53', 'Credit', 86);
INSERT INTO Orders(Bartender_name, Date, Tip, Price, Time, Payment_method, Order_ID) VALUES ('Maria Vrablic', '2024-05-01', 73.0, 226.13, '13:15', 'Credit', 87);
INSERT INTO Orders(Bartender_name, Date, Tip, Price, Time, Payment_method, Order_ID) VALUES ('Tammy Mayfield', '2024-07-19', 22.24, 279.69, '12:58', 'Online', 88);
INSERT INTO Orders(Bartender_name, Date, Tip, Price, Time, Payment_method, Order_ID) VALUES ('Willard Chavez', '2024-01-14', 98.02, 31.22, '17:46', 'Online', 89);
INSERT INTO Orders(Bartender_name, Date, Tip, Price, Time, Payment_method, Order_ID) VALUES ('Trisha Huntley', '2024-01-14', 53.11, 154.2, '22:44', 'Cash', 90);
INSERT INTO Orders(Bartender_name, Date, Tip, Price, Time, Payment_method, Order_ID) VALUES ('Lois Lucas', '2024-08-16', 24.05, 176.38, '10:44', 'Online', 91);
INSERT INTO Orders(Bartender_name, Date, Tip, Price, Time, Payment_method, Order_ID) VALUES ('Myrtle Mauer', '2024-07-07', 13.27, 102.82, '20:05', 'Cash', 92);
INSERT INTO Orders(Bartender_name, Date, Tip, Price, Time, Payment_method, Order_ID) VALUES ('Lorie Lobue', '2024-08-22', 30.48, 216.93, '23:36', 'Online', 93);
INSERT INTO Orders(Bartender_name, Date, Tip, Price, Time, Payment_method, Order_ID) VALUES ('Robert Laverty', '2024-10-01', 97.64, 149.85, '12:55', 'Online', 94);
INSERT INTO Orders(Bartender_name, Date, Tip, Price, Time, Payment_method, Order_ID) VALUES ('Roberta Mcclane', '2024-07-06', 78.99, 123.72, '17:45', 'Online', 95);
INSERT INTO Orders(Bartender_name, Date, Tip, Price, Time, Payment_method, Order_ID) VALUES ('Frank Lewis', '2024-01-28', 62.73, 127.77, '21:21', 'Online', 96);
INSERT INTO Orders(Bartender_name, Date, Tip, Price, Time, Payment_method, Order_ID) VALUES ('Marcella Harvey', '2024-01-10', 42.59, 95.54, '19:34', 'Online', 97);
INSERT INTO Orders(Bartender_name, Date, Tip, Price, Time, Payment_method, Order_ID) VALUES ('Robert Litke', '2024-04-26', 68.47, 193.73, '15:47', 'Cash', 98);
INSERT INTO Orders(Bartender_name, Date, Tip, Price, Time, Payment_method, Order_ID) VALUES ('Tina Kunkel', '2024-09-22', 36.4, 34.44, '16:23', 'Credit', 99);
INSERT INTO Orders(Bartender_name, Date, Tip, Price, Time, Payment_method, Order_ID) VALUES ('Vanessa Marks', '2024-10-02', 36.56, 69.07, '18:45', 'Cash', 100);
INSERT INTO Orders(Bartender_name, Date, Tip, Price, Time, Payment_method, Order_ID) VALUES ('Eleanor Prescott', '2024-09-23', 77.36, 58.75, '15:15', 'Online', 101);
INSERT INTO Orders(Bartender_name, Date, Tip, Price, Time, Payment_method, Order_ID) VALUES ('Cedric Wilmot', '2024-02-21', 47.85, 282.96, '19:55', 'Online', 102);
INSERT INTO Orders(Bartender_name, Date, Tip, Price, Time, Payment_method, Order_ID) VALUES ('Tamara Dutcher', '2024-04-25', 74.5, 83.12, '15:57', 'Credit', 103);
INSERT INTO Orders(Bartender_name, Date, Tip, Price, Time, Payment_method, Order_ID) VALUES ('Patricia Osborne', '2024-09-22', 42.29, 35.25, '15:22', 'Credit', 104);
INSERT INTO Orders(Bartender_name, Date, Tip, Price, Time, Payment_method, Order_ID) VALUES ('Ethel Geralds', '2024-08-17', 52.67, 54.36, '21:34', 'Online', 105);
INSERT INTO Orders(Bartender_name, Date, Tip, Price, Time, Payment_method, Order_ID) VALUES ('Gregory White', '2024-09-10', 45.2, 123.08, '20:44', 'Cash', 106);
INSERT INTO Orders(Bartender_name, Date, Tip, Price, Time, Payment_method, Order_ID) VALUES ('Mary Benitez', '2024-04-15', 8.73, 129.39, '12:18', 'Cash', 107);
INSERT INTO Orders(Bartender_name, Date, Tip, Price, Time, Payment_method, Order_ID) VALUES ('Margaret Hunter', '2024-02-06', 27.59, 215.18, '17:09', 'Cash', 108);
INSERT INTO Orders(Bartender_name, Date, Tip, Price, Time, Payment_method, Order_ID) VALUES ('Jesse Guy', '2024-09-21', 2.27, 136.63, '20:34', 'Cash', 109);
INSERT INTO Orders(Bartender_name, Date, Tip, Price, Time, Payment_method, Order_ID) VALUES ('Dorothy Hicks', '2024-08-12', 42.01, 226.56, '10:18', 'Cash', 110);
INSERT INTO Orders(Bartender_name, Date, Tip, Price, Time, Payment_method, Order_ID) VALUES ('Jamie Isbell', '2024-02-01', 87.18, 85.05, '18:41', 'Credit', 111);
INSERT INTO Orders(Bartender_name, Date, Tip, Price, Time, Payment_method, Order_ID) VALUES ('Royal Gross', '2024-07-19', 34.28, 200.89, '15:31', 'Online', 112);
INSERT INTO Orders(Bartender_name, Date, Tip, Price, Time, Payment_method, Order_ID) VALUES ('Alan Dowling', '2024-11-23', 53.02, 173.57, '17:19', 'Online', 113);
INSERT INTO Orders(Bartender_name, Date, Tip, Price, Time, Payment_method, Order_ID) VALUES ('Harry Mohn', '2024-03-26', 30.65, 240.99, '13:30', 'Credit', 114);
INSERT INTO Orders(Bartender_name, Date, Tip, Price, Time, Payment_method, Order_ID) VALUES ('Estelle Allen', '2024-05-25', 84.55, 61.53, '14:29', 'Cash', 115);
INSERT INTO Orders(Bartender_name, Date, Tip, Price, Time, Payment_method, Order_ID) VALUES ('Christopher Adams', '2024-10-06', 71.18, 99.87, '12:53', 'Online', 116);
INSERT INTO Orders(Bartender_name, Date, Tip, Price, Time, Payment_method, Order_ID) VALUES ('Stephen Ellis', '2024-12-22', 79.45, 65.15, '11:02', 'Credit', 117);
INSERT INTO Orders(Bartender_name, Date, Tip, Price, Time, Payment_method, Order_ID) VALUES ('John Oneil', '2024-10-05', 44.09, 123.51, '13:35', 'Online', 118);
INSERT INTO Orders(Bartender_name, Date, Tip, Price, Time, Payment_method, Order_ID) VALUES ('John Lawrence', '2024-01-22', 31.69, 116.28, '15:28', 'Online', 119);
INSERT INTO Orders(Bartender_name, Date, Tip, Price, Time, Payment_method, Order_ID) VALUES ('Cindy Ayers', '2024-03-18', 30.16, 277.72, '16:59', 'Credit', 120);
INSERT INTO Orders(Bartender_name, Date, Tip, Price, Time, Payment_method, Order_ID) VALUES ('Julie Spence', '2024-03-15', 92.78, 63.69, '21:34', 'Online', 121);
INSERT INTO Orders(Bartender_name, Date, Tip, Price, Time, Payment_method, Order_ID) VALUES ('Elizabeth Catoe', '2024-06-21', 70.55, 152.69, '14:48', 'Online', 122);
INSERT INTO Orders(Bartender_name, Date, Tip, Price, Time, Payment_method, Order_ID) VALUES ('Delores Schroeder', '2024-11-05', 79.96, 223.99, '17:21', 'Online', 123);
INSERT INTO Orders(Bartender_name, Date, Tip, Price, Time, Payment_method, Order_ID) VALUES ('Bruce Graham', '2024-02-24', 47.9, 31.22, '20:35', 'Cash', 124);
INSERT INTO Orders(Bartender_name, Date, Tip, Price, Time, Payment_method, Order_ID) VALUES ('Valerie Dake', '2024-05-01', 40.16, 255.45, '17:22', 'Cash', 125);
INSERT INTO Orders(Bartender_name, Date, Tip, Price, Time, Payment_method, Order_ID) VALUES ('Daniel Looper', '2024-06-02', 60.82, 74.64, '18:14', 'Credit', 126);
INSERT INTO Orders(Bartender_name, Date, Tip, Price, Time, Payment_method, Order_ID) VALUES ('Francisco Sangi', '2024-04-01', 8.36, 257.85, '20:42', 'Cash', 127);
INSERT INTO Orders(Bartender_name, Date, Tip, Price, Time, Payment_method, Order_ID) VALUES ('Catherine Lambert', '2024-09-13', 19.45, 108.97, '19:32', 'Cash', 128);
INSERT INTO Orders(Bartender_name, Date, Tip, Price, Time, Payment_method, Order_ID) VALUES ('Daniel Colwell', '2024-11-12', 39.76, 220.47, '16:23', 'Credit', 129);
INSERT INTO Orders(Bartender_name, Date, Tip, Price, Time, Payment_method, Order_ID) VALUES ('Dorothy Yoon', '2024-06-01', 28.47, 118.38, '17:55', 'Online', 130);
INSERT INTO Orders(Bartender_name, Date, Tip, Price, Time, Payment_method, Order_ID) VALUES ('James Larson', '2024-02-07', 72.79, 144.38, '16:51', 'Credit', 131);
INSERT INTO Orders(Bartender_name, Date, Tip, Price, Time, Payment_method, Order_ID) VALUES ('Hattie Peterson', '2024-05-06', 80.57, 291.7, '16:46', 'Credit', 132);
INSERT INTO Orders(Bartender_name, Date, Tip, Price, Time, Payment_method, Order_ID) VALUES ('Scott Dunlap', '2024-03-27', 58.72, 44.1, '13:19', 'Credit', 133);
INSERT INTO Orders(Bartender_name, Date, Tip, Price, Time, Payment_method, Order_ID) VALUES ('Mary Fletcher', '2024-09-11', 6.61, 288.83, '22:24', 'Cash', 134);
INSERT INTO Orders(Bartender_name, Date, Tip, Price, Time, Payment_method, Order_ID) VALUES ('Scott Dominguez', '2024-01-14', 63.88, 96.53, '12:35', 'Credit', 135);
INSERT INTO Orders(Bartender_name, Date, Tip, Price, Time, Payment_method, Order_ID) VALUES ('Robert Buffington', '2024-12-19', 75.52, 58.34, '12:53', 'Credit', 136);
INSERT INTO Orders(Bartender_name, Date, Tip, Price, Time, Payment_method, Order_ID) VALUES ('William Hughes', '2024-05-18', 49.06, 250.38, '14:53', 'Online', 137);
INSERT INTO Orders(Bartender_name, Date, Tip, Price, Time, Payment_method, Order_ID) VALUES ('Constance Cimini', '2024-05-16', 55.93, 149.77, '10:50', 'Cash', 138);
INSERT INTO Orders(Bartender_name, Date, Tip, Price, Time, Payment_method, Order_ID) VALUES ('Anne Hanson', '2024-03-09', 30.02, 199.36, '20:30', 'Cash', 139);
INSERT INTO Orders(Bartender_name, Date, Tip, Price, Time, Payment_method, Order_ID) VALUES ('John Collar', '2024-11-22', 89.27, 136.8, '17:58', 'Online', 140);
INSERT INTO Orders(Bartender_name, Date, Tip, Price, Time, Payment_method, Order_ID) VALUES ('Suzanne Rollinger', '2024-11-08', 2.84, 234.12, '17:04', 'Online', 141);
INSERT INTO Orders(Bartender_name, Date, Tip, Price, Time, Payment_method, Order_ID) VALUES ('Raphael Gillespie', '2024-12-12', 58.11, 178.36, '23:16', 'Online', 142);
INSERT INTO Orders(Bartender_name, Date, Tip, Price, Time, Payment_method, Order_ID) VALUES ('Lauralee Mcclendon', '2024-11-16', 97.43, 249.12, '15:32', 'Online', 143);
INSERT INTO Orders(Bartender_name, Date, Tip, Price, Time, Payment_method, Order_ID) VALUES ('Joy Wilson', '2024-10-01', 84.53, 65.6, '10:09', 'Credit', 144);
INSERT INTO Orders(Bartender_name, Date, Tip, Price, Time, Payment_method, Order_ID) VALUES ('Leona Creighton', '2024-08-23', 13.55, 65.73, '14:23', 'Credit', 145);
INSERT INTO Orders(Bartender_name, Date, Tip, Price, Time, Payment_method, Order_ID) VALUES ('Nancy Bane', '2024-11-12', 4.87, 101.67, '20:59', 'Cash', 146);
INSERT INTO Orders(Bartender_name, Date, Tip, Price, Time, Payment_method, Order_ID) VALUES ('Grace Johnson', '2024-09-07', 76.64, 71.31, '11:38', 'Cash', 147);
INSERT INTO Orders(Bartender_name, Date, Tip, Price, Time, Payment_method, Order_ID) VALUES ('Robert Handel', '2024-09-11', 87.24, 251.51, '20:51', 'Credit', 148);
INSERT INTO Orders(Bartender_name, Date, Tip, Price, Time, Payment_method, Order_ID) VALUES ('Steve Sanchez', '2024-05-22', 69.8, 121.51, '18:37', 'Credit', 149);
INSERT INTO Orders(Bartender_name, Date, Tip, Price, Time, Payment_method, Order_ID) VALUES ('Allison Boyd', '2024-03-01', 13.69, 98.8, '22:31', 'Credit', 150);
INSERT INTO OrdersDrink(Drink_ID, Order_ID) VALUES (1, 1);
INSERT INTO OrdersDrink(Drink_ID, Order_ID) VALUES (2, 2);
INSERT INTO OrdersDrink(Drink_ID, Order_ID) VALUES (3, 3);
INSERT INTO OrdersDrink(Drink_ID, Order_ID) VALUES (4, 4);
INSERT INTO OrdersDrink(Drink_ID, Order_ID) VALUES (5, 5);
INSERT INTO OrdersDrink(Drink_ID, Order_ID) VALUES (6, 6);
INSERT INTO OrdersDrink(Drink_ID, Order_ID) VALUES (7, 7);
INSERT INTO OrdersDrink(Drink_ID, Order_ID) VALUES (8, 8);
INSERT INTO OrdersDrink(Drink_ID, Order_ID) VALUES (9, 9);
INSERT INTO OrdersDrink(Drink_ID, Order_ID) VALUES (10, 10);
INSERT INTO OrdersDrink(Drink_ID, Order_ID) VALUES (11, 11);
INSERT INTO OrdersDrink(Drink_ID, Order_ID) VALUES (12, 12);
INSERT INTO OrdersDrink(Drink_ID, Order_ID) VALUES (13, 13);
INSERT INTO OrdersDrink(Drink_ID, Order_ID) VALUES (14, 14);
INSERT INTO OrdersDrink(Drink_ID, Order_ID) VALUES (15, 15);
INSERT INTO OrdersDrink(Drink_ID, Order_ID) VALUES (16, 16);
INSERT INTO OrdersDrink(Drink_ID, Order_ID) VALUES (17, 17);
INSERT INTO OrdersDrink(Drink_ID, Order_ID) VALUES (18, 18);
INSERT INTO OrdersDrink(Drink_ID, Order_ID) VALUES (19, 19);
INSERT INTO OrdersDrink(Drink_ID, Order_ID) VALUES (20, 20);
INSERT INTO OrdersDrink(Drink_ID, Order_ID) VALUES (21, 21);
INSERT INTO OrdersDrink(Drink_ID, Order_ID) VALUES (22, 22);
INSERT INTO OrdersDrink(Drink_ID, Order_ID) VALUES (23, 23);
INSERT INTO OrdersDrink(Drink_ID, Order_ID) VALUES (24, 24);
INSERT INTO OrdersDrink(Drink_ID, Order_ID) VALUES (25, 25);
INSERT INTO OrdersDrink(Drink_ID, Order_ID) VALUES (26, 26);
INSERT INTO OrdersDrink(Drink_ID, Order_ID) VALUES (27, 27);
INSERT INTO OrdersDrink(Drink_ID, Order_ID) VALUES (28, 28);
INSERT INTO OrdersDrink(Drink_ID, Order_ID) VALUES (29, 29);
INSERT INTO OrdersDrink(Drink_ID, Order_ID) VALUES (30, 30);
INSERT INTO OrdersDrink(Drink_ID, Order_ID) VALUES (31, 31);
INSERT INTO OrdersDrink(Drink_ID, Order_ID) VALUES (32, 32);
INSERT INTO OrdersDrink(Drink_ID, Order_ID) VALUES (33, 33);
INSERT INTO OrdersDrink(Drink_ID, Order_ID) VALUES (34, 34);
INSERT INTO OrdersDrink(Drink_ID, Order_ID) VALUES (35, 35);
INSERT INTO OrdersDrink(Drink_ID, Order_ID) VALUES (36, 36);
INSERT INTO OrdersDrink(Drink_ID, Order_ID) VALUES (37, 37);
INSERT INTO OrdersDrink(Drink_ID, Order_ID) VALUES (38, 38);
INSERT INTO OrdersDrink(Drink_ID, Order_ID) VALUES (39, 39);
INSERT INTO OrdersDrink(Drink_ID, Order_ID) VALUES (40, 40);
INSERT INTO OrdersDrink(Drink_ID, Order_ID) VALUES (41, 41);
INSERT INTO OrdersDrink(Drink_ID, Order_ID) VALUES (42, 42);
INSERT INTO OrdersDrink(Drink_ID, Order_ID) VALUES (43, 43);
INSERT INTO OrdersDrink(Drink_ID, Order_ID) VALUES (44, 44);
INSERT INTO OrdersDrink(Drink_ID, Order_ID) VALUES (45, 45);
INSERT INTO OrdersDrink(Drink_ID, Order_ID) VALUES (46, 46);
INSERT INTO OrdersDrink(Drink_ID, Order_ID) VALUES (47, 47);
INSERT INTO OrdersDrink(Drink_ID, Order_ID) VALUES (48, 48);
INSERT INTO OrdersDrink(Drink_ID, Order_ID) VALUES (49, 49);
INSERT INTO OrdersDrink(Drink_ID, Order_ID) VALUES (50, 50);
INSERT INTO OrdersDrink(Drink_ID, Order_ID) VALUES (51, 51);
INSERT INTO OrdersDrink(Drink_ID, Order_ID) VALUES (52, 52);
INSERT INTO OrdersDrink(Drink_ID, Order_ID) VALUES (53, 53);
INSERT INTO OrdersDrink(Drink_ID, Order_ID) VALUES (54, 54);
INSERT INTO OrdersDrink(Drink_ID, Order_ID) VALUES (55, 55);
INSERT INTO OrdersDrink(Drink_ID, Order_ID) VALUES (56, 56);
INSERT INTO OrdersDrink(Drink_ID, Order_ID) VALUES (57, 57);
INSERT INTO OrdersDrink(Drink_ID, Order_ID) VALUES (58, 58);
INSERT INTO OrdersDrink(Drink_ID, Order_ID) VALUES (59, 59);
INSERT INTO OrdersDrink(Drink_ID, Order_ID) VALUES (60, 60);
INSERT INTO OrdersDrink(Drink_ID, Order_ID) VALUES (61, 61);
INSERT INTO OrdersDrink(Drink_ID, Order_ID) VALUES (62, 62);
INSERT INTO OrdersDrink(Drink_ID, Order_ID) VALUES (63, 63);
INSERT INTO OrdersDrink(Drink_ID, Order_ID) VALUES (64, 64);
INSERT INTO OrdersDrink(Drink_ID, Order_ID) VALUES (65, 65);
INSERT INTO OrdersDrink(Drink_ID, Order_ID) VALUES (66, 66);
INSERT INTO OrdersDrink(Drink_ID, Order_ID) VALUES (67, 67);
INSERT INTO OrdersDrink(Drink_ID, Order_ID) VALUES (68, 68);
INSERT INTO OrdersDrink(Drink_ID, Order_ID) VALUES (69, 69);
INSERT INTO OrdersDrink(Drink_ID, Order_ID) VALUES (70, 70);
INSERT INTO OrdersDrink(Drink_ID, Order_ID) VALUES (71, 71);
INSERT INTO OrdersDrink(Drink_ID, Order_ID) VALUES (72, 72);
INSERT INTO OrdersDrink(Drink_ID, Order_ID) VALUES (73, 73);
INSERT INTO OrdersDrink(Drink_ID, Order_ID) VALUES (74, 74);
INSERT INTO OrdersDrink(Drink_ID, Order_ID) VALUES (75, 75);
INSERT INTO OrdersDrink(Drink_ID, Order_ID) VALUES (76, 76);
INSERT INTO OrdersDrink(Drink_ID, Order_ID) VALUES (77, 77);
INSERT INTO OrdersDrink(Drink_ID, Order_ID) VALUES (78, 78);
INSERT INTO OrdersDrink(Drink_ID, Order_ID) VALUES (79, 79);
INSERT INTO OrdersDrink(Drink_ID, Order_ID) VALUES (80, 80);
INSERT INTO OrdersDrink(Drink_ID, Order_ID) VALUES (81, 81);
INSERT INTO OrdersDrink(Drink_ID, Order_ID) VALUES (82, 82);
INSERT INTO OrdersDrink(Drink_ID, Order_ID) VALUES (83, 83);
INSERT INTO OrdersDrink(Drink_ID, Order_ID) VALUES (84, 84);
INSERT INTO OrdersDrink(Drink_ID, Order_ID) VALUES (85, 85);
INSERT INTO OrdersDrink(Drink_ID, Order_ID) VALUES (86, 86);
INSERT INTO OrdersDrink(Drink_ID, Order_ID) VALUES (87, 87);
INSERT INTO OrdersDrink(Drink_ID, Order_ID) VALUES (88, 88);
INSERT INTO OrdersDrink(Drink_ID, Order_ID) VALUES (89, 89);
INSERT INTO OrdersDrink(Drink_ID, Order_ID) VALUES (90, 90);
INSERT INTO OrdersDrink(Drink_ID, Order_ID) VALUES (91, 91);
INSERT INTO OrdersDrink(Drink_ID, Order_ID) VALUES (92, 92);
INSERT INTO OrdersDrink(Drink_ID, Order_ID) VALUES (93, 93);
INSERT INTO OrdersDrink(Drink_ID, Order_ID) VALUES (94, 94);
INSERT INTO OrdersDrink(Drink_ID, Order_ID) VALUES (95, 95);
INSERT INTO OrdersDrink(Drink_ID, Order_ID) VALUES (96, 96);
INSERT INTO OrdersDrink(Drink_ID, Order_ID) VALUES (97, 97);
INSERT INTO OrdersDrink(Drink_ID, Order_ID) VALUES (98, 98);
INSERT INTO OrdersDrink(Drink_ID, Order_ID) VALUES (99, 99);
INSERT INTO OrdersDrink(Drink_ID, Order_ID) VALUES (100, 100);
INSERT INTO OrdersDrink(Drink_ID, Order_ID) VALUES (101, 101);
INSERT INTO OrdersDrink(Drink_ID, Order_ID) VALUES (102, 102);
INSERT INTO OrdersDrink(Drink_ID, Order_ID) VALUES (103, 103);
INSERT INTO OrdersDrink(Drink_ID, Order_ID) VALUES (104, 104);
INSERT INTO OrdersDrink(Drink_ID, Order_ID) VALUES (105, 105);
INSERT INTO OrdersDrink(Drink_ID, Order_ID) VALUES (106, 106);
INSERT INTO OrdersDrink(Drink_ID, Order_ID) VALUES (107, 107);
INSERT INTO OrdersDrink(Drink_ID, Order_ID) VALUES (108, 108);
INSERT INTO OrdersDrink(Drink_ID, Order_ID) VALUES (109, 109);
INSERT INTO OrdersDrink(Drink_ID, Order_ID) VALUES (110, 110);
INSERT INTO OrdersDrink(Drink_ID, Order_ID) VALUES (111, 111);
INSERT INTO OrdersDrink(Drink_ID, Order_ID) VALUES (112, 112);
INSERT INTO OrdersDrink(Drink_ID, Order_ID) VALUES (113, 113);
INSERT INTO OrdersDrink(Drink_ID, Order_ID) VALUES (114, 114);
INSERT INTO OrdersDrink(Drink_ID, Order_ID) VALUES (115, 115);
INSERT INTO OrdersDrink(Drink_ID, Order_ID) VALUES (116, 116);
INSERT INTO OrdersDrink(Drink_ID, Order_ID) VALUES (117, 117);
INSERT INTO OrdersDrink(Drink_ID, Order_ID) VALUES (118, 118);
INSERT INTO OrdersDrink(Drink_ID, Order_ID) VALUES (119, 119);
INSERT INTO OrdersDrink(Drink_ID, Order_ID) VALUES (120, 120);
INSERT INTO OrdersDrink(Drink_ID, Order_ID) VALUES (121, 121);
INSERT INTO OrdersDrink(Drink_ID, Order_ID) VALUES (122, 122);
INSERT INTO OrdersDrink(Drink_ID, Order_ID) VALUES (123, 123);
INSERT INTO OrdersDrink(Drink_ID, Order_ID) VALUES (124, 124);
INSERT INTO OrdersDrink(Drink_ID, Order_ID) VALUES (125, 125);
INSERT INTO OrdersDrink(Drink_ID, Order_ID) VALUES (126, 126);
INSERT INTO OrdersDrink(Drink_ID, Order_ID) VALUES (127, 127);
INSERT INTO OrdersDrink(Drink_ID, Order_ID) VALUES (128, 128);
INSERT INTO OrdersDrink(Drink_ID, Order_ID) VALUES (129, 129);
INSERT INTO OrdersDrink(Drink_ID, Order_ID) VALUES (130, 130);
INSERT INTO OrdersDrink(Drink_ID, Order_ID) VALUES (131, 131);
INSERT INTO OrdersDrink(Drink_ID, Order_ID) VALUES (132, 132);
INSERT INTO OrdersDrink(Drink_ID, Order_ID) VALUES (133, 133);
INSERT INTO OrdersDrink(Drink_ID, Order_ID) VALUES (134, 134);
INSERT INTO OrdersDrink(Drink_ID, Order_ID) VALUES (135, 135);
INSERT INTO OrdersDrink(Drink_ID, Order_ID) VALUES (136, 136);
INSERT INTO OrdersDrink(Drink_ID, Order_ID) VALUES (137, 137);
INSERT INTO OrdersDrink(Drink_ID, Order_ID) VALUES (138, 138);
INSERT INTO OrdersDrink(Drink_ID, Order_ID) VALUES (139, 139);
INSERT INTO OrdersDrink(Drink_ID, Order_ID) VALUES (140, 140);
INSERT INTO OrdersDrink(Drink_ID, Order_ID) VALUES (141, 141);
INSERT INTO OrdersDrink(Drink_ID, Order_ID) VALUES (142, 142);
INSERT INTO OrdersDrink(Drink_ID, Order_ID) VALUES (143, 143);
INSERT INTO OrdersDrink(Drink_ID, Order_ID) VALUES (144, 144);
INSERT INTO OrdersDrink(Drink_ID, Order_ID) VALUES (145, 145);
INSERT INTO OrdersDrink(Drink_ID, Order_ID) VALUES (146, 146);
INSERT INTO OrdersDrink(Drink_ID, Order_ID) VALUES (147, 147);
INSERT INTO OrdersDrink(Drink_ID, Order_ID) VALUES (148, 148);
INSERT INTO OrdersDrink(Drink_ID, Order_ID) VALUES (149, 149);
INSERT INTO OrdersDrink(Drink_ID, Order_ID) VALUES (150, 150);
INSERT INTO DrinkProducts(Drink_ID, Product_ID) VALUES (1, 1);
INSERT INTO DrinkProducts(Drink_ID, Product_ID) VALUES (2, 2);
INSERT INTO DrinkProducts(Drink_ID, Product_ID) VALUES (3, 3);
INSERT INTO DrinkProducts(Drink_ID, Product_ID) VALUES (4, 4);
INSERT INTO DrinkProducts(Drink_ID, Product_ID) VALUES (5, 5);
INSERT INTO DrinkProducts(Drink_ID, Product_ID) VALUES (6, 6);
INSERT INTO DrinkProducts(Drink_ID, Product_ID) VALUES (7, 7);
INSERT INTO DrinkProducts(Drink_ID, Product_ID) VALUES (8, 8);
INSERT INTO DrinkProducts(Drink_ID, Product_ID) VALUES (9, 9);
INSERT INTO DrinkProducts(Drink_ID, Product_ID) VALUES (10, 10);
INSERT INTO DrinkProducts(Drink_ID, Product_ID) VALUES (11, 11);
INSERT INTO DrinkProducts(Drink_ID, Product_ID) VALUES (12, 12);
INSERT INTO DrinkProducts(Drink_ID, Product_ID) VALUES (13, 13);
INSERT INTO DrinkProducts(Drink_ID, Product_ID) VALUES (14, 14);
INSERT INTO DrinkProducts(Drink_ID, Product_ID) VALUES (15, 15);
INSERT INTO DrinkProducts(Drink_ID, Product_ID) VALUES (16, 16);
INSERT INTO DrinkProducts(Drink_ID, Product_ID) VALUES (17, 17);
INSERT INTO DrinkProducts(Drink_ID, Product_ID) VALUES (18, 18);
INSERT INTO DrinkProducts(Drink_ID, Product_ID) VALUES (19, 19);
INSERT INTO DrinkProducts(Drink_ID, Product_ID) VALUES (20, 20);
INSERT INTO DrinkProducts(Drink_ID, Product_ID) VALUES (21, 21);
INSERT INTO DrinkProducts(Drink_ID, Product_ID) VALUES (22, 22);
INSERT INTO DrinkProducts(Drink_ID, Product_ID) VALUES (23, 23);
INSERT INTO DrinkProducts(Drink_ID, Product_ID) VALUES (24, 24);
INSERT INTO DrinkProducts(Drink_ID, Product_ID) VALUES (25, 25);
INSERT INTO DrinkProducts(Drink_ID, Product_ID) VALUES (26, 26);
INSERT INTO DrinkProducts(Drink_ID, Product_ID) VALUES (27, 27);
INSERT INTO DrinkProducts(Drink_ID, Product_ID) VALUES (28, 28);
INSERT INTO DrinkProducts(Drink_ID, Product_ID) VALUES (29, 29);
INSERT INTO DrinkProducts(Drink_ID, Product_ID) VALUES (30, 30);
INSERT INTO DrinkProducts(Drink_ID, Product_ID) VALUES (31, 31);
INSERT INTO DrinkProducts(Drink_ID, Product_ID) VALUES (32, 32);
INSERT INTO DrinkProducts(Drink_ID, Product_ID) VALUES (33, 33);
INSERT INTO DrinkProducts(Drink_ID, Product_ID) VALUES (34, 34);
INSERT INTO DrinkProducts(Drink_ID, Product_ID) VALUES (35, 35);
INSERT INTO DrinkProducts(Drink_ID, Product_ID) VALUES (36, 36);
INSERT INTO DrinkProducts(Drink_ID, Product_ID) VALUES (37, 37);
INSERT INTO DrinkProducts(Drink_ID, Product_ID) VALUES (38, 38);
INSERT INTO DrinkProducts(Drink_ID, Product_ID) VALUES (39, 39);
INSERT INTO DrinkProducts(Drink_ID, Product_ID) VALUES (40, 40);
INSERT INTO DrinkProducts(Drink_ID, Product_ID) VALUES (41, 41);
INSERT INTO DrinkProducts(Drink_ID, Product_ID) VALUES (42, 42);
INSERT INTO DrinkProducts(Drink_ID, Product_ID) VALUES (43, 43);
INSERT INTO DrinkProducts(Drink_ID, Product_ID) VALUES (44, 44);
INSERT INTO DrinkProducts(Drink_ID, Product_ID) VALUES (45, 45);
INSERT INTO DrinkProducts(Drink_ID, Product_ID) VALUES (46, 46);
INSERT INTO DrinkProducts(Drink_ID, Product_ID) VALUES (47, 47);
INSERT INTO DrinkProducts(Drink_ID, Product_ID) VALUES (48, 48);
INSERT INTO DrinkProducts(Drink_ID, Product_ID) VALUES (49, 49);
INSERT INTO DrinkProducts(Drink_ID, Product_ID) VALUES (50, 50);
INSERT INTO DrinkProducts(Drink_ID, Product_ID) VALUES (51, 51);
INSERT INTO DrinkProducts(Drink_ID, Product_ID) VALUES (52, 52);
INSERT INTO DrinkProducts(Drink_ID, Product_ID) VALUES (53, 53);
INSERT INTO DrinkProducts(Drink_ID, Product_ID) VALUES (54, 54);
INSERT INTO DrinkProducts(Drink_ID, Product_ID) VALUES (55, 55);
INSERT INTO DrinkProducts(Drink_ID, Product_ID) VALUES (56, 56);
INSERT INTO DrinkProducts(Drink_ID, Product_ID) VALUES (57, 57);
INSERT INTO DrinkProducts(Drink_ID, Product_ID) VALUES (58, 58);
INSERT INTO DrinkProducts(Drink_ID, Product_ID) VALUES (59, 59);
INSERT INTO DrinkProducts(Drink_ID, Product_ID) VALUES (60, 60);
INSERT INTO DrinkProducts(Drink_ID, Product_ID) VALUES (61, 61);
INSERT INTO DrinkProducts(Drink_ID, Product_ID) VALUES (62, 62);
INSERT INTO DrinkProducts(Drink_ID, Product_ID) VALUES (63, 63);
INSERT INTO DrinkProducts(Drink_ID, Product_ID) VALUES (64, 64);
INSERT INTO DrinkProducts(Drink_ID, Product_ID) VALUES (65, 65);
INSERT INTO DrinkProducts(Drink_ID, Product_ID) VALUES (66, 66);
INSERT INTO DrinkProducts(Drink_ID, Product_ID) VALUES (67, 67);
INSERT INTO DrinkProducts(Drink_ID, Product_ID) VALUES (68, 68);
INSERT INTO DrinkProducts(Drink_ID, Product_ID) VALUES (69, 69);
INSERT INTO DrinkProducts(Drink_ID, Product_ID) VALUES (70, 70);
INSERT INTO DrinkProducts(Drink_ID, Product_ID) VALUES (71, 71);
INSERT INTO DrinkProducts(Drink_ID, Product_ID) VALUES (72, 72);
INSERT INTO DrinkProducts(Drink_ID, Product_ID) VALUES (73, 73);
INSERT INTO DrinkProducts(Drink_ID, Product_ID) VALUES (74, 74);
INSERT INTO DrinkProducts(Drink_ID, Product_ID) VALUES (75, 75);
INSERT INTO DrinkProducts(Drink_ID, Product_ID) VALUES (76, 76);
INSERT INTO DrinkProducts(Drink_ID, Product_ID) VALUES (77, 77);
INSERT INTO DrinkProducts(Drink_ID, Product_ID) VALUES (78, 78);
INSERT INTO DrinkProducts(Drink_ID, Product_ID) VALUES (79, 79);
INSERT INTO DrinkProducts(Drink_ID, Product_ID) VALUES (80, 80);
INSERT INTO DrinkProducts(Drink_ID, Product_ID) VALUES (81, 81);
INSERT INTO DrinkProducts(Drink_ID, Product_ID) VALUES (82, 82);
INSERT INTO DrinkProducts(Drink_ID, Product_ID) VALUES (83, 83);
INSERT INTO DrinkProducts(Drink_ID, Product_ID) VALUES (84, 84);
INSERT INTO DrinkProducts(Drink_ID, Product_ID) VALUES (85, 85);
INSERT INTO DrinkProducts(Drink_ID, Product_ID) VALUES (86, 86);
INSERT INTO DrinkProducts(Drink_ID, Product_ID) VALUES (87, 87);
INSERT INTO DrinkProducts(Drink_ID, Product_ID) VALUES (88, 88);
INSERT INTO DrinkProducts(Drink_ID, Product_ID) VALUES (89, 89);
INSERT INTO DrinkProducts(Drink_ID, Product_ID) VALUES (90, 90);
INSERT INTO DrinkProducts(Drink_ID, Product_ID) VALUES (91, 91);
INSERT INTO DrinkProducts(Drink_ID, Product_ID) VALUES (92, 92);
INSERT INTO DrinkProducts(Drink_ID, Product_ID) VALUES (93, 93);
INSERT INTO DrinkProducts(Drink_ID, Product_ID) VALUES (94, 94);
INSERT INTO DrinkProducts(Drink_ID, Product_ID) VALUES (95, 95);
INSERT INTO DrinkProducts(Drink_ID, Product_ID) VALUES (96, 96);
INSERT INTO DrinkProducts(Drink_ID, Product_ID) VALUES (97, 97);
INSERT INTO DrinkProducts(Drink_ID, Product_ID) VALUES (98, 98);
INSERT INTO DrinkProducts(Drink_ID, Product_ID) VALUES (99, 99);
INSERT INTO DrinkProducts(Drink_ID, Product_ID) VALUES (100, 100);
INSERT INTO DrinkProducts(Drink_ID, Product_ID) VALUES (101, 101);
INSERT INTO DrinkProducts(Drink_ID, Product_ID) VALUES (102, 102);
INSERT INTO DrinkProducts(Drink_ID, Product_ID) VALUES (103, 103);
INSERT INTO DrinkProducts(Drink_ID, Product_ID) VALUES (104, 104);
INSERT INTO DrinkProducts(Drink_ID, Product_ID) VALUES (105, 105);
INSERT INTO DrinkProducts(Drink_ID, Product_ID) VALUES (106, 106);
INSERT INTO DrinkProducts(Drink_ID, Product_ID) VALUES (107, 107);
INSERT INTO DrinkProducts(Drink_ID, Product_ID) VALUES (108, 108);
INSERT INTO DrinkProducts(Drink_ID, Product_ID) VALUES (109, 109);
INSERT INTO DrinkProducts(Drink_ID, Product_ID) VALUES (110, 110);
INSERT INTO DrinkProducts(Drink_ID, Product_ID) VALUES (111, 111);
INSERT INTO DrinkProducts(Drink_ID, Product_ID) VALUES (112, 112);
INSERT INTO DrinkProducts(Drink_ID, Product_ID) VALUES (113, 113);
INSERT INTO DrinkProducts(Drink_ID, Product_ID) VALUES (114, 114);
INSERT INTO DrinkProducts(Drink_ID, Product_ID) VALUES (115, 115);
INSERT INTO DrinkProducts(Drink_ID, Product_ID) VALUES (116, 116);
INSERT INTO DrinkProducts(Drink_ID, Product_ID) VALUES (117, 117);
INSERT INTO DrinkProducts(Drink_ID, Product_ID) VALUES (118, 118);
INSERT INTO DrinkProducts(Drink_ID, Product_ID) VALUES (119, 119);
INSERT INTO DrinkProducts(Drink_ID, Product_ID) VALUES (120, 120);
INSERT INTO DrinkProducts(Drink_ID, Product_ID) VALUES (121, 121);
INSERT INTO DrinkProducts(Drink_ID, Product_ID) VALUES (122, 122);
INSERT INTO DrinkProducts(Drink_ID, Product_ID) VALUES (123, 123);
INSERT INTO DrinkProducts(Drink_ID, Product_ID) VALUES (124, 124);
INSERT INTO DrinkProducts(Drink_ID, Product_ID) VALUES (125, 125);
INSERT INTO DrinkProducts(Drink_ID, Product_ID) VALUES (126, 126);
INSERT INTO DrinkProducts(Drink_ID, Product_ID) VALUES (127, 127);
INSERT INTO DrinkProducts(Drink_ID, Product_ID) VALUES (128, 128);
INSERT INTO DrinkProducts(Drink_ID, Product_ID) VALUES (129, 129);
INSERT INTO DrinkProducts(Drink_ID, Product_ID) VALUES (130, 130);
INSERT INTO DrinkProducts(Drink_ID, Product_ID) VALUES (131, 131);
INSERT INTO DrinkProducts(Drink_ID, Product_ID) VALUES (132, 132);
INSERT INTO DrinkProducts(Drink_ID, Product_ID) VALUES (133, 133);
INSERT INTO DrinkProducts(Drink_ID, Product_ID) VALUES (134, 134);
INSERT INTO DrinkProducts(Drink_ID, Product_ID) VALUES (135, 135);
INSERT INTO DrinkProducts(Drink_ID, Product_ID) VALUES (136, 136);
INSERT INTO DrinkProducts(Drink_ID, Product_ID) VALUES (137, 137);
INSERT INTO DrinkProducts(Drink_ID, Product_ID) VALUES (138, 138);
INSERT INTO DrinkProducts(Drink_ID, Product_ID) VALUES (139, 139);
INSERT INTO DrinkProducts(Drink_ID, Product_ID) VALUES (140, 140);
INSERT INTO DrinkProducts(Drink_ID, Product_ID) VALUES (141, 141);
INSERT INTO DrinkProducts(Drink_ID, Product_ID) VALUES (142, 142);
INSERT INTO DrinkProducts(Drink_ID, Product_ID) VALUES (143, 143);
INSERT INTO DrinkProducts(Drink_ID, Product_ID) VALUES (144, 144);
INSERT INTO DrinkProducts(Drink_ID, Product_ID) VALUES (145, 145);
INSERT INTO DrinkProducts(Drink_ID, Product_ID) VALUES (146, 146);
INSERT INTO DrinkProducts(Drink_ID, Product_ID) VALUES (147, 147);
INSERT INTO DrinkProducts(Drink_ID, Product_ID) VALUES (148, 148);
INSERT INTO DrinkProducts(Drink_ID, Product_ID) VALUES (149, 149);
INSERT INTO DrinkProducts(Drink_ID, Product_ID) VALUES (150, 150);
